word,freq
the,19427
",",14025
.,10026
of,9422
to,8892
and,7107
in,6259
is,4478
a,4384
that,4357
this,3287
we,3280
for,3040
i,2987
be,2645
it,2490
on,2368
-,2189
##s,2121
which,2055
are,1941
as,1914
have,1862
not,1850
with,1625
##r,1486
will,1477
##n,1471
europea,1378
commission,1316
m,1269
by,1263
',1195
has,1175
s,1056
would,1024
an,983
##ly,940
##ing,930
at,926
but,890
our,857
should,854
you,848
also,838
all,838
must,832
president,817
there,809
parliament,791
am,711
been,693
from,683
union,677
##d,641
these,635
like,629
more,616
can,615
euro,614
or,578
do,573
so,562
what,560
its,552
##pe,546
one,545
if,537
was,531
my,518
they,513
re,512
report,509
member,489
their,486
no,483
very,481
states,471
council,445
need,431
than,426
policy,424
##ed,420
who,411
up,408
only,407
new,403
us,402
?,393
##e,390
therefore,389
time,389
about,386
con,383
other,378
important,374
first,369
),368
out,365
(,361
because,360
when,348
make,347
:,346
just,344
take,337
people,337
into,335
commissione,335
ex,333
now,331
any,328
some,326
community,319
##rs,310
however,306
##end,305
under,302
##y,302
programme,301
committee,300
your,297
social,297
inter,294
made,294
such,294
between,293
way,290
development,289
fact,287
being,282
state,282
within,281
say,281
eu,280
debate,279
work,275
point,274
those,270
##dam,269
support,269
##ive,267
were,266
political,266
economic,264
areas,264
regions,260
countries,257
aid,256
question,251
issue,250
them,247
where,244
en,239
competition,237
over,237
group,237
national,236
how,235
##k,235
financial,231
does,230
direct,227
me,227
many,225
pro,224
believe,223
public,223
ma,223
/,223
"""",222
de,221
most,221
order,219
possible,218
already,218
think,216
right,216
;,215
market,213
here,213
could,212
today,212
well,212
##ments,210
two,209
even,206
want,205
see,203
had,202
last,200
un,199
future,199
area,198
too,198
same,198
regard,197
may,196
end,194
app,193
then,192
much,192
proposal,191
said,191
course,190
ensure,190
regional,190
cannot,189
##te,188
##ment,188
common,187
aust,187
initiative,187
years,187
1999,187
process,187
clear,186
co,186
against,184
reform,183
##able,183
why,182
his,181
programmes,181
level,181
still,180
system,179
second,178
able,177
##ion,175
com,175
particularly,174
citizens,174
given,173
action,173
situation,172
since,172
case,171
principle,170
legal,170
part,169
own,168
know,167
view,167
treaty,167
far,167
government,166
##er,166
measures,165
particular,164
members,164
country,163
##c,162
again,161
taken,160
terms,160
##ng,160
good,159
funds,158
he,158
respect,157
example,156
institutions,156
rights,155
put,155
hope,155
problems,154
house,154
safety,154
##ity,154
opinion,153
position,153
##ch,153
shall,153
issues,152
give,152
matter,152
world,152
##en,151
concerned,151
vote,151
##es,151
cooperation,151
conference,151
certain,150
resolution,150
tax,149
employment,149
law,149
##ble,149
both,149
2000,149
year,148
before,148
##ary,147
pre,147
great,145
##lines,144
present,143
favour,143
number,143
urban,142
decision,142
dis,141
e,140
presidency,140
place,139
without,139
control,139
use,139
agenda,139
internal,138
environmental,138
whether,138
necessary,137
justice,137
trans,136
##ness,136
ask,135
next,135
freedom,135
few,134
##ria,134
long,134
further,133
rapport,133
structural,132
##lar,132
##al,132
rural,131
##ry,131
guide,130
local,130
real,128
ad,128
budget,126
port,126
come,124
%,124
account,124
##l,124
leader,124
transport,123
##gement,123
making,123
proposals,122
##eur,122
##cy,122
done,121
something,120
responsibility,119
once,119
importance,119
projects,119
rules,119
party,119
set,118
role,118
car,117
c,117
through,116
having,116
indeed,116
industry,116
subject,115
##ous,115
wel,115
down,114
rather,114
means,114
agreement,114
problem,114
##t,113
going,113
specific,113
##go,113
information,113
##reg,113
consider,113
yet,112
##come,112
general,112
wish,112
clearly,111
##ncy,110
legislation,110
hand,110
resources,109
high,109
##tion,109
every,109
third,109
effective,108
basis,108
##vern,108
proposed,108
##di,108
##mental,107
culture,107
objectives,107
##ish,107
after,107
sub,106
towards,106
##5,106
life,106
quite,106
equal,106
international,105
economy,104
security,104
pl,103
##se,103
article,103
court,103
finally,103
ur,102
authorities,102
whole,102
three,101
sector,101
concerns,101
peace,101
policies,101
adopted,101
affairs,101
continue,100
reason,100
authority,100
protection,100
fundamental,100
back,99
women,99
1,99
never,99
greater,98
food,98
gu,98
democratic,97
human,97
each,97
##ster,97
la,97
help,97
go,97
groups,96
##ful,96
during,96
##ese,96
disaster,95
!,95
objective,95
forward,94
accept,94
small,94
change,94
energy,94
##ty,94
extremely,94
major,93
cars,93
behalf,93
achieve,93
agree,93
another,93
various,93
certainly,92
environment,92
term,92
let,92
implementation,92
paper,91
##ation,91
ko,91
##ies,91
##f,90
serious,90
less,90
look,90
##ugu,90
deal,90
fr,90
especially,89
opportunity,89
itself,89
##ge,89
une,89
##isation,89
##aran,89
provide,89
regarding,89
##rian,89
##hes,88
mentioned,88
period,88
although,88
##g,88
working,87
essential,87
gent,87
##lemen,87
##o,86
per,86
interests,86
together,86
ins,86
different,86
least,85
##eas,85
always,85
lack,84
day,84
##dies,84
million,84
used,84
five,84
##theless,84
services,84
li,83
did,83
sp,83
central,83
implement,83
positive,83
responsible,83
united,83
ig,83
##pare,82
needs,82
single,82
while,82
understand,82
concern,82
involved,82
prior,82
procedure,81
express,81
better,81
taking,81
really,81
apply,81
cost,80
decisions,80
##ves,80
border,80
progress,80
conditions,80
months,79
disa,79
attention,79
become,79
##p,79
global,79
framework,78
##ability,78
find,78
points,78
2,78
money,78
cultural,78
conclusion,78
result,78
initiatives,77
create,77
##day,77
regulations,77
questions,77
risk,77
increase,77
past,76
access,76
##ities,76
##nt,76
im,75
aware,75
##ting,75
form,75
communication,75
start,75
draft,74
difficult,74
approach,74
idea,73
available,73
##fort,73
nothing,73
sure,73
might,73
code,73
mind,72
things,72
##der,72
including,72
majority,72
words,72
vehicles,72
large,72
allow,71
##re,71
kind,71
table,71
efforts,71
stress,71
##nce,71
appropriate,71
often,71
actually,71
office,71
##ce,71
special,70
trade,70
commitment,70
based,70
longer,69
matters,69
joint,69
region,69
white,69
##ca,69
##ties,69
current,69
feel,69
st,68
negotiations,68
force,68
propose,68
adopt,68
companies,68
prevent,68
values,67
fund,67
free,67
consideration,67
disc,67
inte,67
best,67
##rae,67
include,66
according,66
mention,66
##sel,66
sy,66
expressed,66
##una,66
enough,65
previous,65
doubt,65
precise,65
##ised,65
ren,65
dangerous,65
her,65
ir,65
concerning,64
legislative,64
off,64
democracy,64
##co,64
service,64
perhaps,64
principles,64
##tely,64
upon,63
full,63
following,63
##an,63
though,63
criminal,63
doing,62
request,62
training,62
jobs,62
##sov,62
quality,62
administration,62
comes,62
standards,62
context,62
##a,62
strategy,62
regulation,62
emphasis,61
##ers,61
effect,61
short,61
combat,61
##mployment,61
simply,61
aim,61
little,61
##ted,61
key,61
ye,60
##crat,60
discuss,60
fully,60
interest,60
care,60
treat,60
others,59
non,59
get,59
cross,59
##or,59
##ution,59
##min,59
obvious,59
amb,59
governments,59
open,59
power,59
fl,59
strength,59
##ten,59
##sid,58
##nd,58
answer,58
address,58
##ex,58
una,58
statement,58
##pect,58
cases,57
addition,57
socialist,57
##m,57
text,57
task,57
goods,57
lead,57
solid,57
confidence,57
##grat,57
##ally,57
basic,57
actions,57
##h,57
em,57
balance,57
requirements,56
improve,56
##ciliation,56
##ic,56
implemented,56
currently,56
share,56
contra,56
increasing,56
mean,56
motion,56
sense,56
type,56
franc,56
van,55
000,55
document,55
she,55
assistance,55
society,55
##centra,55
competitive,55
rest,55
absolute,55
br,55
compete,55
approved,55
capital,55
main,55
##ulate,55
##clin,55
management,55
##is,55
activities,54
moment,54
##ecu,54
technical,54
establish,54
proper,54
voted,54
##tee,54
##row,54
ass,54
left,54
##ist,54
results,54
promote,53
markets,53
four,53
true,53
above,53
funding,53
independent,53
representatives,53
relation,53
instrument,53
harm,53
##self,53
comments,53
integration,52
thing,52
business,52
seen,52
seems,52
af,52
##ew,52
tom,52
oil,52
##bility,52
mis,51
exchange,51
fraud,51
act,51
health,51
##arity,51
population,51
multi,51
provided,51
demo,51
call,51
##ged,51
project,51
##coming,51
partnership,51
##pta,50
manufacturers,50
priority,50
included,50
prepared,50
para,50
##mit,50
demand,50
##ls,50
asked,50
bring,49
speak,49
prose,49
practical,49
strand,49
discussion,49
individual,49
reasons,49
businesses,49
##no,49
german,49
rep,49
##ise,49
recent,49
##uring,49
benefit,49
crucial,49
soon,49
needed,49
des,48
steel,48
bu,48
costs,48
pay,48
opportunities,48
changes,48
##pro,48
provision,48
##ip,48
relating,48
tell,48
research,48
ra,48
nations,48
either,48
experts,47
##gni,47
contribution,47
+,47
quickly,47
clar,47
weak,47
safe,47
develop,47
extent,47
several,47
whose,47
none,47
meeting,47
##cce,47
brit,47
nuclear,47
##ions,47
nor,46
line,46
sat,46
makes,46
application,46
structure,46
step,46
nature,46
creating,46
total,46
##bin,46
carried,46
minister,46
##less,46
reports,46
analysis,46
considered,46
agreements,46
hai,46
presented,46
##harge,45
despite,45
strategic,45
1997,45
##com,45
charter,45
due,45
item,45
thought,45
##ka,45
officials,44
coming,44
3,44
old,44
medium,44
tur,44
discrimination,44
den,44
consumer,44
gr,44
colleagues,44
him,44
def,44
raised,44
limited,44
##us,44
excellent,44
established,44
workers,44
planning,44
broad,44
happen,44
##est,44
ago,44
plans,44
specifically,43
received,43
ab,43
reached,43
judicial,43
note,43
throughout,43
fear,43
begin,43
increased,43
draw,43
##ism,43
monitoring,43
practice,43
fight,43
east,43
week,43
sufficient,43
affected,42
face,42
plan,42
wo,42
##more,42
sh,42
correct,42
strong,42
currency,42
monet,42
participation,42
behind,42
b,42
movement,42
hard,42
play,42
remain,42
crime,42
##ling,42
sustainable,41
instead,41
applied,41
##national,41
water,41
red,41
achieved,41
saying,41
ens,41
called,41
value,41
outside,41
job,41
effects,41
liberal,41
home,41
institution,41
solution,41
list,41
##fully,41
documents,41
everyone,41
assessment,40
stage,40
live,40
sectors,40
using,40
1998,40
dialogue,40
scheme,40
raise,40
##tive,40
existing,40
function,40
reforms,40
until,40
maritime,40
##cra,40
##sing,40
takes,40
##mark,40
wishes,40
growth,40
success,40
add,40
move,40
establishing,40
manufacturer,40
date,40
light,40
bureau,39
potential,39
contribute,39
show,39
rule,39
response,39
difficulties,39
procedures,39
experience,39
##quate,39
speech,39
##rop,39
delay,39
green,39
att,39
##ives,39
keep,39
creation,39
accordance,39
##cutor,39
product,39
##ify,39
ever,39
##i,39
##gent,39
honour,39
word,39
card,38
connection,38
##guard,38
sl,38
stated,38
criteria,38
##ject,38
challenge,38
instance,38
damage,38
##over,38
final,38
th,38
##gret,38
talking,38
carry,38
scope,38
##usse,38
mono,38
reference,38
ministers,38
##take,38
##ct,38
wide,38
tourism,38
content,37
six,37
views,37
living,37
finance,37
seriously,37
fu,37
parties,37
bear,37
powers,37
avoid,37
comment,37
cause,37
##lf,37
among,37
au,37
bodies,37
##key,37
sea,37
field,37
crisis,37
integrated,37
required,37
##iti,37
namely,37
worth,37
##iar,37
possibility,37
2006,37
##eland,37
7,37
sitting,36
efficiency,36
forth,36
parliamentary,36
##gen,36
legi,36
ola,36
road,36
levels,36
threat,36
relations,36
ship,36
##riat,36
##ne,36
amount,36
scientific,36
tasks,36
looking,36
fishing,36
affect,36
recently,36
require,36
everything,36
g,36
organisations,36
xe,36
completely,35
eri,35
##ght,35
judge,35
sized,35
w,35
construction,35
decided,35
##um,35
##ve,35
themselves,35
det,35
intention,35
overall,35
##ified,35
granted,35
speakers,35
successful,35
heart,35
##ylum,35
scale,35
borders,35
voting,35
held,35
created,35
investment,35
repeat,35
foreign,34
away,34
firm,34
p,34
99,34
reduce,34
meet,34
da,34
ri,34
grant,34
politics,34
lot,34
dan,34
ob,34
minutes,34
agricultural,34
spirit,34
4,34
##mise,34
discussions,34
storm,34
body,34
follow,34
provisions,34
unan,34
administrative,34
close,34
author,33
efficient,33
##ening,33
remote,33
##get,33
private,33
heard,33
##veni,33
##cou,33
poor,33
##sper,33
check,33
##line,33
pale,33
referred,33
active,33
agreed,33
15,33
event,33
hul,33
goes,33
thus,33
reality,33
6,33
del,33
men,33
##con,33
##ging,33
##tions,33
##lly,33
##ibility,33
staff,33
complete,33
direction,33
relevant,32
criticism,32
amongst,32
agriculture,32
iii,32
coordination,32
##table,32
refer,32
huge,32
effort,32
##ns,32
events,32
##ding,32
ret,32
focus,32
intervention,32
days,32
developing,32
##ence,32
almost,32
significant,32
comprehensive,32
circumstances,32
billion,32
ina,32
beyond,32
merely,32
subjects,32
setting,32
production,32
##roe,32
caused,32
refugees,32
systems,32
useful,32
##stin,32
##em,32
rein,32
similar,32
##ent,32
external,32
enterprise,32
operation,31
stand,31
ban,31
anything,31
5,31
drawn,31
##fy,31
encourage,31
o,31
aspects,31
represent,31
ent,31
stability,31
self,31
establishment,31
sort,31
relate,31
won,31
ac,31
impact,31
supported,31
giving,31
ti,31
##pere,31
ii,31
civil,31
ou,31
consulta,31
consequences,31
brought,31
thanks,31
otherwise,31
closed,31
12,31
produce,31
entire,31
##ric,31
gra,31
thinking,30
turn,30
war,30
times,30
nego,30
##tia,30
remember,30
monitor,30
##her,30
flag,30
##pol,30
session,30
ju,30
elections,30
##cological,30
minimum,30
reading,30
aw,30
seek,30
offer,30
anti,30
victims,30
build,30
steps,30
##fication,30
sound,30
led,30
##ight,30
knowledge,30
model,30
properly,30
probably,30
fellow,30
suggest,30
##ial,30
approval,30
talk,30
accepted,30
promotion,30
stop,30
grounds,30
discussed,29
enable,29
purpose,29
##rove,29
demonstrate,29
equality,29
measure,29
aspect,29
science,29
ships,29
10,29
##graph,29
recommendations,29
convention,29
representative,29
waste,29
effectively,29
##lies,29
elected,29
cities,29
lo,29
##dte,29
speaking,29
perfect,29
13,29
pointed,29
wrong,29
half,29
eligible,29
organisation,29
middle,29
##visa,29
developed,29
submitted,29
limit,28
considerable,28
##clusion,28
vital,28
improving,28
coll,28
message,28
##aly,28
tam,28
##iate,28
hear,28
inspection,28
covered,28
##lation,28
##pet,28
instruments,28
committed,28
gen,28
natural,28
dealt,27
promoting,27
review,27
gave,27
14,27
##pari,27
wa,27
##redi,27
ways,27
conclude,27
delegation,27
res,27
low,27
##onis,27
related,27
aims,27
assure,27
##ceed,27
februar,27
risks,27
coast,27
cat,27
permit,27
di,27
topic,27
##cing,27
##here,27
##on,27
operators,27
detail,27
annual,27
activity,27
immediately,27
known,27
##cision,27
happy,27
labour,27
addressed,27
bal,27
##ait,27
ind,27
communities,26
intended,26
##light,26
##way,26
radical,26
bel,26
kin,26
##lo,26
##uine,26
##gh,26
directly,26
poverty,26
building,26
read,26
factor,26
forest,26
chance,26
##sation,26
dead,26
reach,26
simple,26
naturally,26
##mend,26
##fir,26
governance,26
earlier,26
beginning,26
introduce,26
ari,26
manner,26
strict,26
50,26
farmers,26
detailed,26
history,26
##ning,26
maintain,26
##eague,26
sources,26
gives,26
##ate,26
propos,26
##rden,26
##pend,26
desire,26
paid,26
seem,26
side,26
pers,26
territory,26
fish,25
materials,25
januar,25
parts,25
dimension,25
introduced,25
conduct,25
fail,25
pat,25
providing,25
along,25
december,25
##mpa,25
dealing,25
##laus,25
chamber,25
weeks,25
gender,25
forms,25
##ato,25
##tic,25
post,25
rise,25
##le,25
employees,25
moderni,25
federal,25
requires,25
statements,25
sometimes,25
##ler,25
involving,25
supervision,25
ideas,25
ten,25
20,25
consumers,25
##ces,25
improvement,25
##nock,25
courts,25
morning,25
conde,25
##pli,25
status,25
##nds,25
young,25
stock,25
personally,25
eno,25
opposed,25
##rmous,25
##cent,25
##sed,25
##ier,25
hel,25
##ply,25
later,25
##rec,25
##ploy,25
##kan,25
exception,24
ca,24
ahead,24
25,24
additional,24
##cla,24
##ppo,24
reduction,24
truly,24
om,24
personal,24
rus,24
f,24
infrastructure,24
taxa,24
##il,24
##7,24
ch,24
committees,24
attitude,24
capacity,24
across,24
hence,24
##stitute,24
duty,24
##ever,24
transaction,24
su,24
around,24
took,24
pi,24
weapons,24
fall,24
asking,24
totally,24
##de,24
sensitive,24
extend,24
##2,24
##vereignty,24
causes,24
controls,24
allocated,24
includes,24
developments,24
op,24
##thy,24
##ph,24
##ncing,24
laid,24
applicable,24
##dent,23
##v,23
##ee,23
plena,23
##tees,23
sm,23
shown,23
fair,23
##land,23
fina,23
conflict,23
##pa,23
decide,23
supporting,23
save,23
double,23
bank,23
forces,23
##res,23
republic,23
ta,23
critical,23
demands,23
hold,23
##ki,23
front,23
vessels,23
improved,23
80,23
responsibilities,23
##obia,23
succeed,23
study,23
langen,23
##nc,23
extreme,23
receive,23
##ver,23
floor,23
##lica,23
explanation,23
##nni,23
##ual,23
fra,23
mille,23
nos,23
##poli,23
challenges,23
century,23
willing,23
greatest,23
italian,23
putting,23
9,22
elements,22
else,22
explain,22
anyone,22
sus,22
tol,22
september,22
involve,22
south,22
##imo,22
age,22
programming,22
arguments,22
board,22
influence,22
##pre,22
impression,22
eastern,22
##ption,22
man,22
##oun,22
flexible,22
poll,22
involvement,22
protect,22
##tory,22
considerably,22
##ain,22
defence,22
recognition,22
wanted,22
news,22
quota,22
contains,22
rate,22
##sol,22
fa,22
##sin,22
constitutional,22
talks,22
##plo,22
late,22
structures,22
super,22
former,22
##just,22
concept,22
economie,22
score,22
complex,22
unable,22
achieving,22
exercise,22
##ration,22
##side,22
##fi,22
standard,22
amended,22
outcome,22
examination,22
tackle,21
exist,21
##ps,21
barn,21
managed,21
##idat,21
follows,21
wealth,21
join,21
##ford,21
employed,21
##sible,21
historic,21
ce,21
##sequently,21
30,21
##eer,21
ability,21
##bet,21
sa,21
excessive,21
##gree,21
##amine,21
##li,21
impossible,21
hit,21
##cies,21
spent,21
##ned,21
##ring,21
run,21
##ke,21
defend,21
ready,21
exactly,21
rat,21
neither,21
coalition,21
tank,21
info,21
##8,21
requested,21
##3,21
ethnic,21
pur,21
demonstrated,21
##rib,21
reducing,21
reflect,21
ground,21
solutions,21
element,21
heritage,21
via,21
von,21
ide,21
advice,21
##ses,21
revision,20
##b,20
march,20
networks,20
try,20
differences,20
evaluation,20
##ctory,20
##ft,20
press,20
return,20
organised,20
early,20
income,20
##board,20
thu,20
11,20
##gence,20
designed,20
legally,20
articles,20
innovative,20
knows,20
##force,20
placed,20
merger,20
##lis,20
incorpora,20
pressure,20
danger,20
##ened,20
1996,20
8,20
##ail,20
summit,20
goal,20
bringing,20
##uga,20
prime,20
je,20
scientists,20
growing,20
kingdom,20
highly,20
arrangements,20
cut,20
passed,20
alone,20
cap,20
mainly,20
sixth,20
necessarily,20
overcome,20
##tes,20
version,20
noti,20
resolve,20
tra,20
dono,20
bad,20
h,20
concrete,20
##age,20
recognised,20
##ian,20
unless,20
##enz,20
flor,20
facing,20
##pri,20
born,20
##fa,20
str,20
##st,19
introduction,19
letter,19
eva,19
deep,19
##cycle,19
register,19
equally,19
ser,19
##4,19
declared,19
##gau,19
jo,19
leave,19
meant,19
generally,19
##asi,19
produced,19
apart,19
thereby,19
listen,19
##po,19
industrial,19
cu,19
##lative,19
##ced,19
round,19
core,19
negative,19
profit,19
network,19
sum,19
technology,19
worse,19
spending,19
positions,19
professional,19
##rri,19
easy,19
planned,19
continuing,19
##tle,19
police,19
##pensa,19
interesting,19
peoples,19
existence,19
alten,19
added,19
reconstruction,19
immigrants,19
minority,19
latter,19
informed,19
lies,19
month,19
claim,19
evening,19
##cisive,19
##now,19
faced,19
found,19
contributions,19
##ledge,19
010,19
situations,19
presentation,19
industries,19
dut,19
opening,19
published,18
##oro,18
allo,18
condition,18
##ugh,18
learn,18
##nces,18
head,18
respond,18
lost,18
##pectations,18
american,18
actual,18
distributed,18
1994,18
fifth,18
extending,18
wing,18
helping,18
##gula,18
courage,18
##cluded,18
pays,18
happened,18
lines,18
ratio,18
fourth,18
##kh,18
trying,18
ones,18
treatment,18
consistent,18
med,18
object,18
palacio,18
governing,18
rei,18
secure,18
implications,18
##bly,18
appeal,18
construct,18
diversity,18
consensus,18
##ical,18
##hold,18
drawing,18
bearing,18
briefly,18
##cism,18
##in,18
easier,18
debat,18
##ru,18
meaning,18
failure,18
remains,18
ne,18
##king,18
immigration,18
##ped,18
obtain,18
ancho,18
pp,18
##ö,18
##viser,18
amounts,18
original,18
confine,18
mandate,18
##ef,18
ref,18
bere,18
convinced,18
transparent,18
signed,18
vi,18
cover,17
coordinate,17
rich,17
tool,17
qualified,17
sim,17
##ification,17
whatever,17
occasions,17
entrepreneur,17
bo,17
complement,17
mechanisms,17
##oper,17
company,17
##vise,17
proportion,17
geographical,17
##quis,17
plant,17
fe,17
##itis,17
closely,17
##0,17
tech,17
notice,17
san,17
recovery,17
spend,17
##region,17
sides,17
##ck,17
says,17
##stic,17
paying,17
candidate,17
worst,17
familiar,17
built,17
counter,17
pollution,17
mont,17
definition,17
##nore,17
strategies,17
##tab,17
1995,17
climate,17
valid,17
periodi,17
resolved,17
##mant,17
announced,17
ar,17
##ising,17
links,17
relationship,17
reaction,17
brief,17
laws,17
transfer,17
##llar,17
##rica,17
##orse,17
issued,17
##most,17
lay,17
degree,17
##x,17
scandal,17
##sta,17
declaration,17
##tor,17
span,17
81,17
understanding,17
shared,17
rap,17
initial,17
##dito,17
minori,17
maximum,17
der,17
##vant,17
40,17
logic,17
wants,17
serve,17
##raging,17
net,17
met,17
##cons,17
shows,16
accounts,16
phase,16
island,16
calling,16
package,16
protocol,16
defined,16
mal,16
directora,16
uniform,16
impose,16
##inite,16
permanent,16
november,16
vice,16
obligation,16
ada,16
##isfaction,16
price,16
send,16
##pon,16
assistant,16
perspective,16
leaders,16
integra,16
politically,16
##ame,16
depth,16
sent,16
innovation,16
##vy,16
##ost,16
uncertain,16
hands,16
berg,16
##tera,16
families,16
attempt,16
obligations,16
carrying,16
##diction,16
pa,16
##lands,16
proved,16
incorporated,16
partners,16
asi,16
participate,16
goals,16
##ded,16
chi,16
nine,16
feeling,16
language,16
##while,16
undertaken,16
##mn,16
##ast,16
deliver,16
prevention,16
count,16
extension,16
##th,16
campaign,16
judges,16
higher,16
intentions,16
##timate,16
mainstream,16
average,16
rail,16
media,16
starting,16
##rm,16
##usly,16
fi,16
##tak,16
identify,16
speaker,16
capable,16
concentration,16
bar,16
citizen,16
##lige,16
accord,16
education,16
material,16
##ori,16
section,16
j,16
afternoon,16
speed,16
spoke,16
smaller,16
series,16
votes,15
range,15
waters,15
reduced,15
seat,15
name,15
lives,15
linked,15
##ulated,15
transition,15
calls,15
##avour,15
##dit,15
##nian,15
vol,15
##ory,15
##for,15
engl,15
uni,15
hours,15
##chen,15
fine,15
wait,15
details,15
##cept,15
highest,15
centres,15
individuals,15
##marks,15
ports,15
##clu,15
##ming,15
choice,15
internet,15
texts,15
numerous,15
rejected,15
presence,15
##herent,15
##rel,15
bro,15
ena,15
operate,15
##ving,15
falls,15
big,15
oral,15
18,15
##mp,15
substantial,15
official,15
rev,15
preparation,15
proof,15
supports,15
enlarged,15
person,15
##istent,15
proceedings,15
##risti,15
hy,15
entirely,15
##we,15
mutual,15
nation,15
facilitate,15
contained,15
increasingly,15
moving,15
character,15
adoption,15
underlying,15
loss,15
##uch,15
assist,15
##body,15
facts,15
provides,15
promised,15
described,15
independence,15
##ant,15
sets,15
tou,15
becomes,15
preventing,15
mo,14
allowed,14
##ward,14
contain,14
advance,14
conservative,14
leading,14
restricted,14
##gil,14
retain,14
alternative,14
und,14
introducing,14
##gium,14
costa,14
##para,14
clean,14
enter,14
came,14
##evi,14
alliance,14
regular,14
##rate,14
evidence,14
##ctive,14
##6,14
##ges,14
##fying,14
##where,14
##rime,14
##gor,14
illegal,14
##ctat,14
reserva,14
sphere,14
collective,14
failed,14
accidents,14
approximately,14
ultimately,14
alba,14
misma,14
##cus,14
heavy,14
mission,14
##ipa,14
antic,14
entitled,14
##1,14
suggested,14
changing,14
data,14
observations,14
referring,14
becoming,14
##uter,14
changed,14
disse,14
ill,14
towns,14
##ts,14
thousands,14
selection,14
design,14
##pp,14
possibly,14
##lise,14
figures,14
abuse,14
dra,14
told,14
break,14
enforcement,14
etc,14
##itur,14
closer,14
advantage,14
##ali,14
el,14
waiting,14
couple,14
##phobic,14
offen,14
appears,14
somewhat,14
commercial,14
immediate,14
##z,14
barrier,14
##ner,14
products,14
obstacles,14
001,14
posti,14
islands,14
pure,14
##vo,14
chairman,14
comme,14
bl,14
##cedent,14
considers,14
##rth,14
regime,14
##ör,14
##ta,14
[,14
],14
ende,14
examples,14
running,14
farming,14
allowing,14
##ite,13
written,13
insurance,13
normal,13
rapid,13
root,13
disciplina,13
stake,13
##sen,13
##isfied,13
##pone,13
incident,13
##rity,13
worked,13
visible,13
indication,13
generate,13
essentially,13
tight,13
distribution,13
##cca,13
##so,13
##ists,13
protecting,13
base,13
classification,13
##rry,13
supply,13
millions,13
##ins,13
witness,13
##ping,13
economica,13
felt,13
lange,13
modern,13
meri,13
##led,13
stabil,13
formal,13
init,13
relatively,13
er,13
expected,13
sign,13
truth,13
traffic,13
contributed,13
located,13
continent,13
sta,13
argument,13
exists,13
warm,13
##pt,13
##if,13
depende,13
noted,13
##bod,13
room,13
prove,13
##ère,13
wise,13
reas,13
17,13
reaching,13
gain,13
##mine,13
##place,13
concluded,13
le,13
seven,13
##ctions,13
departments,13
##nera,13
exclusively,13
rege,13
##eries,13
asp,13
##bling,13
##sman,13
##sh,13
##minat,13
followed,13
##qual,13
##nological,13
##ar,13
35,13
##it,13
100,13
##bon,13
##rov,13
weight,13
extended,13
##ural,13
determination,13
abandoned,13
##ord,13
##ppe,13
getting,13
##ick,13
##ably,13
operational,13
##bte,13
ter,13
guidance,13
dub,13
whom,13
aimed,13
vast,13
tonnes,13
##dly,13
##fr,13
unit,13
considering,13
formation,13
opposite,13
gap,13
behaviour,13
associated,13
##les,13
appointment,13
##nage,13
emergency,13
accident,13
mid,13
##ann,13
##ily,13
cor,13
##inge,13
option,13
ut,13
elsewhere,13
air,13
firms,13
cos,13
agency,12
##sch,12
fri,12
##pou,12
##forced,12
##su,12
solve,12
commun,12
##cs,12
confirmed,12
opinions,12
politicians,12
systematic,12
listening,12
scrutin,12
define,12
##sua,12
agencies,12
near,12
solely,12
##lin,12
trust,12
debates,12
##qui,12
disabled,12
primarily,12
##w,12
observa,12
ky,12
compensation,12
##sci,12
##titut,12
##ional,12
offers,12
supposed,12
refers,12
chapter,12
rot,12
hearing,12
taxes,12
completed,12
##pot,12
figure,12
survey,12
discipline,12
apo,12
exact,12
went,12
manufacturing,12
previously,12
occasion,12
##os,12
seeing,12
feed,12
forming,12
finn,12
##nti,12
reca,12
##9,12
##sm,12
top,12
looked,12
##lera,12
##plete,12
##sc,12
foot,12
predecessor,12
##ors,12
faith,12
##hen,12
##sla,12
components,12
lau,12
quo,12
reverse,12
arab,12
northern,12
##istic,12
resignation,12
operating,12
likely,12
path,12
oppose,12
manage,12
mon,12
dele,12
roads,12
west,12
##red,12
##imit,12
##alis,12
land,12
started,12
ima,12
interim,12
binding,12
##los,12
neighbouring,12
proud,12
launched,12
fate,12
sensible,12
lower,12
##ul,12
ea,12
##puls,12
##lined,12
uk,12
benefits,12
extra,12
fighting,12
jurisdiction,12
mere,12
##nec,12
mani,12
##at,12
##fe,12
##iration,12
represents,12
entry,12
##ously,12
contributing,12
shift,12
successfully,12
##ology,12
bol,12
requirement,12
##own,12
acting,12
##ute,12
leaving,12
governmental,12
##ber,12
##ved,12
types,12
##ition,12
##ings,12
occurred,12
evident,12
##vas,12
##essa,12
substance,12
persons,12
maintained,12
demonstration,12
##ivity,11
appear,11
##ust,11
tre,11
nazis,11
offices,11
capita,11
##dox,11
et,11
practices,11
buy,11
##stra,11
##gian,11
bases,11
##da,11
##ure,11
bene,11
vit,11
##hera,11
##yed,11
represented,11
quae,11
symbol,11
turned,11
##stor,11
##ically,11
aside,11
volume,11
presents,11
##ious,11
##plicit,11
ö,11
##dne,11
tan,11
##sday,11
significance,11
prices,11
##uff,11
internationally,11
string,11
che,11
analyse,11
int,11
##vene,11
##sir,11
##erance,11
scenario,11
##timi,11
lose,11
societies,11
delivered,11
##ulat,11
surrounding,11
##urg,11
##ining,11
bound,11
july,11
background,11
neo,11
##cist,11
owner,11
ph,11
prej,11
sec,11
##wise,11
##plicitly,11
ci,11
##mination,11
straight,11
supplement,11
restore,11
preparing,11
ja,11
reso,11
china,11
hon,11
strongly,11
turning,11
hat,11
viola,11
##nese,11
partly,11
limits,11
bra,11
##enze,11
encouraged,11
##eurs,11
##ami,11
focused,11
syne,11
lu,11
centre,11
fit,11
minute,11
##bby,11
##cation,11
lei,11
withdraw,11
organise,11
finding,11
separate,11
##nsi,11
chosen,11
##sure,11
massive,11
fields,11
emerge,11
##peri,11
stands,11
explained,11
iris,11
##eek,11
suffered,11
rom,11
seeking,11
##cei,11
nei,11
match,11
arrived,11
##eri,11
target,11
##rea,11
##posal,11
##ach,11
pension,11
uranium,11
##ating,11
eventually,11
##xas,11
##rg,11
pursue,11
timber,11
supra,11
##cto,11
constantly,11
targeted,11
duties,11
forced,11
gola,11
##taining,11
penal,11
begun,11
friendly,11
##yers,11
ongoing,11
energie,11
##ider,11
awareness,11
##ou,11
##ture,11
sei,11
fuel,11
whilst,11
##tz,11
dama,11
keen,10
1993,10
##icate,10
pass,10
numbers,10
##tain,10
##cution,10
holding,10
pose,10
##pin,10
d,10
##tur,10
drop,10
isola,10
indicato,10
allows,10
played,10
##as,10
terrorist,10
##icient,10
##ess,10
philosophy,10
zones,10
bara,10
studies,10
payments,10
##ue,10
vinta,10
consequence,10
agrees,10
26,10
##posing,10
marginal,10
purposes,10
##llo,10
engaged,10
formula,10
blow,10
16,10
##inted,10
consul,10
observed,10
powerful,10
acceptance,10
spoken,10
absence,10
sight,10
pe,10
missing,10
interested,10
sought,10
##vesti,10
happens,10
examined,10
##u,10
ge,10
welfare,10
largely,10
substances,10
##iter,10
sv,10
children,10
##rane,10
rates,10
37,10
earthquake,10
testing,10
differenti,10
traditional,10
channels,10
processes,10
categories,10
choose,10
factors,10
decades,10
vehicle,10
lawyer,10
source,10
interpretation,10
har,10
du,10
zone,10
##opa,10
hur,10
looks,10
universal,10
##iers,10
family,10
##ern,10
##gi,10
##rophe,10
resource,10
##vite,10
understood,10
senior,10
transportation,10
##beta,10
confusion,10
marked,10
associations,10
remove,10
2002,10
diplomatic,10
hin,10
##ay,10
kinds,10
pilot,10
interference,10
severely,10
##tering,10
movements,10
attempts,10
##tan,10
removed,10
owners,10
stan,10
##lau,10
##stant,10
identity,10
22,10
hour,10
##ud,10
continued,10
easily,10
believes,10
lessons,10
residence,10
##int,10
decade,10
clause,10
remaining,10
employer,10
##bud,10
##ndo,10
ante,10
entered,10
mag,10
holds,10
##ert,10
presenting,10
identified,10
exceptions,10
inde,10
##tany,10
raising,10
##teed,10
crimes,10
extrem,10
investigation,10
method,10
advocate,10
saving,10
founding,10
tende,10
hull,10
translation,10
##api,10
hide,10
##dering,10
##plain,10
prepare,10
banks,10
sad,9
thema,9
invitation,9
alto,9
##ens,9
keeping,9
touch,9
career,9
##initive,9
##pati,9
poet,9
actively,9
collection,9
revenue,9
##state,9
meetings,9
relative,9
usa,9
##ia,9
largest,9
##hance,9
eyes,9
soul,9
alter,9
irregular,9
height,9
##na,9
trading,9
prof,9
denied,9
formed,9
##rako,9
##cid,9
mar,9
##our,9
##ton,9
##hed,9
town,9
##fair,9
bio,9
block,9
##gic,9
##hing,9
april,9
corresponding,9
outer,9
record,9
##ds,9
failing,9
roots,9
neighbourhood,9
##perate,9
foundation,9
phare,9
belong,9
##ission,9
##ffer,9
##kes,9
##ility,9
resulting,9
suggests,9
##untary,9
grants,9
##ii,9
bay,9
receiving,9
accessible,9
bit,9
wur,9
##cay,9
chair,9
##rated,9
ham,9
##rain,9
respective,9
##ard,9
rapidly,9
wider,9
##ll,9
##ms,9
stable,9
subsequent,9
##bours,9
began,9
breaking,9
spread,9
unde,9
metal,9
functions,9
refuge,9
districts,9
##nor,9
##cile,9
##raid,9
ale,9
feet,9
association,9
##pense,9
veri,9
improvements,9
interpreted,9
contract,9
mobil,9
##usal,9
push,9
twenty,9
claims,9
##point,9
occur,9
legislature,9
channel,9
repair,9
opposition,9
citizenship,9
succeeded,9
##lighted,9
##ined,9
ro,9
opened,9
##udi,9
certificate,9
stronger,9
someone,9
expertise,9
##bourg,9
attached,9
uns,9
below,9
determined,9
youth,9
##wo,9
##mitting,9
dig,9
##ending,9
##rdi,9
##rli,9
assume,9
##active,9
difficulty,9
ann,9
feels,9
##ap,9
ing,9
devoted,9
##enti,9
##wed,9
strictly,9
##fere,9
voice,9
continues,9
military,9
collaboration,9
southern,9
whereas,9
spite,9
dispose,9
determine,9
21,9
##üsse,9
hol,9
length,9
kept,9
size,9
lasting,9
##nts,9
complicated,9
ng,9
##nen,9
##xi,9
tri,9
alongside,9
critici,9
methods,9
refused,9
writing,9
##pti,9
pen,9
##house,9
drug,9
creates,9
emissions,9
possibili,9
extraordinary,9
gul,9
era,9
track,9
##gine,9
promise,9
##ro,9
select,9
integral,8
handed,8
reviewed,8
##to,8
##itions,8
##erated,8
##ying,8
##ders,8
warning,8
unions,8
inspector,8
vir,8
membership,8
division,8
destruction,8
image,8
continuat,8
dea,8
corruption,8
##holders,8
ha,8
features,8
tune,8
1992,8
driving,8
daily,8
##et,8
volunteers,8
treated,8
##dic,8
##ati,8
coastal,8
##vile,8
r,8
heads,8
##rich,8
vision,8
u,8
showing,8
options,8
release,8
statut,8
##ys,8
territories,8
vigor,8
##cel,8
gi,8
imposed,8
inclusion,8
##ter,8
27,8
##dom,8
##hol,8
pin,8
es,8
##dt,8
stream,8
involves,8
tried,8
plain,8
outstanding,8
manager,8
ceiling,8
isolation,8
##hren,8
suitable,8
kara,8
##irect,8
gained,8
##sts,8
##teral,8
##val,8
lie,8
regardless,8
##fect,8
resto,8
##umption,8
india,8
acted,8
extensive,8
indicates,8
##ians,8
##ura,8
valuable,8
north,8
opp,8
cn,8
fourteen,8
45,8
##rt,8
acts,8
##viat,8
##cal,8
formally,8
shares,8
shape,8
##his,8
unique,8
protest,8
city,8
drugs,8
forests,8
violation,8
dé,8
##later,8
euros,8
##festo,8
##ance,8
marin,8
##lv,8
assets,8
suffering,8
enjoy,8
ala,8
hopes,8
memory,8
physical,8
elderly,8
##sia,8
desired,8
dala,8
location,8
unclear,8
retirement,8
cards,8
##mini,8
##lou,8
##pera,8
preferred,8
##itarian,8
##sita,8
stay,8
condemned,8
fin,8
##ship,8
parallel,8
jap,8
passing,8
##rimi,8
affair,8
populations,8
##each,8
bis,8
##heart,8
##ikh,8
##ua,8
subsequently,8
consiste,8
##tim,8
##bano,8
differ,8
territorial,8
##hert,8
arms,8
##poly,8
##roa,8
crise,8
pack,8
##nificent,8
##nal,8
##cu,8
ruling,8
82,8
indica,8
terrible,8
##iation,8
trend,8
##tein,8
gas,8
##stru,8
##mbo,8
sor,8
founded,8
telling,8
inflation,8
ice,8
94,8
technologies,8
electronic,8
input,8
##nia,8
##wi,8
##ime,8
dem,8
ah,8
##hin,8
ps,8
pret,8
offered,8
managers,8
refuse,8
##fold,8
eli,8
dil,8
##mo,8
##wn,8
mac,8
roles,8
008,8
##mic,8
##isten,8
resumed,8
transported,8
models,8
constitution,8
##op,8
expression,8
television,8
96,8
##rais,8
strange,8
##ir,8
works,8
##essi,8
00,8
reactor,7
nu,7
##rupt,7
resulted,7
##tima,7
regulatory,7
acquire,7
perspectives,7
throw,7
permission,7
threatened,7
intensive,7
export,7
##pic,7
latest,7
##istan,7
lama,7
principal,7
socio,7
##life,7
pred,7
##voy,7
sending,7
perse,7
07,7
occurring,7
wrote,7
stem,7
birds,7
sol,7
cf,7
23,7
profile,7
##per,7
link,7
fiscal,7
rede,7
struck,7
representation,7
##kis,7
##logy,7
forum,7
vale,7
plat,7
eight,7
fire,7
##ss,7
fruit,7
voters,7
pri,7
class,7
gone,7
notably,7
##nity,7
##quality,7
##cle,7
slow,7
##ib,7
##inate,7
stating,7
dossier,7
tape,7
skills,7
contracts,7
managing,7
surprise,7
reflected,7
##graphs,7
experienced,7
depends,7
housing,7
##oni,7
##ille,7
##euvre,7
issu,7
partner,7
exclusive,7
##igu,7
preliminary,7
prevented,7
mano,7
##icien,7
##wing,7
auto,7
##lad,7
##uting,7
##ints,7
acknowledged,7
bila,7
vat,7
##bit,7
tone,7
##tation,7
courses,7
##vity,7
##cho,7
ru,7
withdrawal,7
repeated,7
##adow,7
attack,7
##cta,7
##ho,7
##aches,7
##arm,7
ending,7
##het,7
admitted,7
##ables,7
electoral,7
mandato,7
##uas,7
gaz,7
##sur,7
fost,7
##gain,7
##vel,7
operations,7
resort,7
alle,7
amo,7
##fu,7
contrast,7
##ea,7
##unde,7
##vation,7
initially,7
inland,7
suit,7
apparent,7
communist,7
##imu,7
##lini,7
alb,7
transit,7
##ube,7
##vies,7
##act,7
##rst,7
survival,7
blind,7
recover,7
fortuna,7
enhanced,7
##by,7
cargo,7
civilisation,7
lea,7
ori,7
publicly,7
##entat,7
##bra,7
ed,7
fairly,7
nord,7
indicated,7
accompanied,7
earn,7
moral,7
greatly,7
##hip,7
##rmin,7
##oto,7
##luat,7
##pire,7
##ans,7
24,7
28,7
limita,7
violence,7
minor,7
##hel,7
statistics,7
railway,7
motor,7
dam,7
##mising,7
finali,7
pun,7
mark,7
##bs,7
processing,7
##ira,7
##esse,7
repeatedly,7
delayed,7
##hic,7
ort,7
employee,7
openly,7
consists,7
2001,7
plastic,7
door,7
observation,7
##rón,7
transferred,7
threats,7
propaganda,7
difference,7
margin,7
suddenly,7
bears,7
##vot,7
##ça,7
playing,7
plus,7
fixed,7
plays,7
originally,7
##ress,7
visit,7
luxe,7
convince,7
finished,7
residents,7
lit,7
##nction,7
department,7
700,7
death,7
organi,7
sections,7
##gg,7
cutting,7
158,7
restrictions,7
fashion,7
##deral,7
withdrawn,7
85,7
##finite,7
places,7
lowest,7
tele,7
inhabitants,7
forcing,7
references,7
dynamic,7
migration,7
animal,7
##si,7
acquis,7
targets,7
##isti,7
##ok,7
grow,7
mond,7
##ad,7
college,6
dum,6
##hus,6
himself,6
dare,6
causing,6
##ulis,6
pop,6
fewer,6
##tue,6
pave,6
len,6
racial,6
##gra,6
##ide,6
##minent,6
prese,6
##ways,6
terme,6
quarters,6
basque,6
##thi,6
essence,6
turno,6
##rvi,6
secondary,6
##ws,6
##ut,6
##wards,6
payment,6
##vour,6
leadership,6
##tu,6
moved,6
spot,6
##long,6
tao,6
cold,6
al,6
quick,6
launch,6
##hri,6
##ics,6
##zio,6
rand,6
god,6
loop,6
signal,6
conte,6
##hole,6
unlike,6
drive,6
##ficial,6
##cussion,6
professor,6
##iting,6
items,6
economics,6
##ndering,6
aval,6
rele,6
##rox,6
##vance,6
55,6
##cita,6
grown,6
##sí,6
nazi,6
tanks,6
combined,6
##roga,6
conviction,6
##ries,6
quant,6
linking,6
div,6
##sat,6
##dab,6
qua,6
fac,6
nationalist,6
cal,6
puts,6
##iona,6
##ood,6
##vest,6
destroyed,6
##ilitat,6
dying,6
guardia,6
drew,6
confused,6
##uti,6
##rey,6
fast,6
##ead,6
category,6
pit,6
##ated,6
knew,6
excess,6
400,6
advisor,6
degrees,6
investigations,6
##olis,6
##cting,6
012,6
212,6
##load,6
preserve,6
property,6
##anche,6
accompanying,6
wei,6
component,6
haven,6
1967,6
argued,6
##ect,6
write,6
seventh,6
brand,6
##minated,6
divide,6
shed,6
temporary,6
##urance,6
literature,6
##lating,6
losses,6
minimal,6
##rist,6
##mas,6
pronounced,6
hulle,6
appointed,6
##eping,6
conjunction,6
##be,6
po,6
sustained,6
revised,6
gar,6
replaced,6
##reck,6
gener,6
34,6
##vis,6
29,6
achievement,6
eliminate,6
hot,6
attempted,6
offs,6
travel,6
##rc,6
##lights,6
profits,6
regularly,6
producing,6
##ises,6
exploitation,6
promoted,6
popular,6
controversy,6
bitter,6
##ntly,6
hop,6
##lanti,6
##riate,6
ano,6
flood,6
asks,6
##vol,6
facilities,6
##late,6
##rla,6
publish,6
##ofa,6
##vey,6
personnel,6
##uta,6
romani,6
##nda,6
##logi,6
percentage,6
##ntal,6
coincide,6
sail,6
bou,6
##nges,6
gear,6
master,6
shoulder,6
standing,6
constant,6
007,6
##vereign,6
description,6
##rne,6
describe,6
serves,6
conducted,6
collect,6
grave,6
accommodate,6
##cono,6
darin,6
cea,6
comparison,6
contents,6
t,6
##cna,6
nearly,6
##sion,6
ali,6
##gone,6
##rators,6
##egu,6
motive,6
wind,6
##ri,6
charges,6
generations,6
wood,6
deri,6
##lia,6
bbc,6
500,6
tribute,6
widespread,6
iron,6
##otti,6
feature,6
mer,6
continua,6
##uo,6
shell,6
airport,6
078,6
c4,6
findings,6
finish,6
bern,6
##emos,6
praise,6
machine,6
host,6
entering,6
##cre,6
smooth,6
##dr,6
traditions,6
apparently,6
##lers,6
##lu,6
shock,6
brings,6
vague,6
##verse,6
religious,6
venture,6
book,6
charge,6
080,6
badly,6
immense,6
ultra,6
helped,6
allegations,6
chemical,6
codes,6
test,6
interaction,6
got,6
morali,6
orders,6
##ool,6
##tru,6
##rti,6
hundred,6
fresh,6
##ur,6
friends,6
vis,6
achievements,6
sole,6
remarkable,6
##tress,6
listed,6
covering,6
31,6
usually,6
conflicts,6
48,6
38,6
##yer,6
##ict,6
hospital,6
##ores,6
##ibe,6
credit,6
bridge,6
##ips,6
reserves,6
##ort,6
##cris,6
linguistic,6
##fina,6
strip,6
heading,6
distance,6
distant,6
summer,6
##ias,6
##mora,6
##iable,6
horizontal,6
grand,6
stick,6
002,6
sin,6
signs,6
dominant,6
nie,6
compatible,6
deed,6
widely,6
cancelled,6
##right,6
corpus,6
temp,6
jointly,6
##shed,6
piece,6
##held,6
##set,6
connected,6
communications,6
##dles,6
hundreds,6
mass,6
##cis,6
##undan,6
approaches,6
participated,6
##how,5
jur,5
##adi,5
profession,5
##of,5
foods,5
##gui,5
##cas,5
exhibitions,5
##dem,5
##zard,5
duration,5
tender,5
obtained,5
##cute,5
##lap,5
relie,5
##cci,5
##gani,5
##fil,5
##crit,5
bog,5
combine,5
##pped,5
decline,5
##ago,5
doors,5
cop,5
##gates,5
lock,5
280,5
moderate,5
wie,5
assembly,5
##oche,5
##eit,5
backing,5
##sona,5
bench,5
ruled,5
##sian,5
pak,5
origin,5
##erm,5
200,5
##son,5
##vention,5
makers,5
learning,5
##tra,5
pain,5
##cht,5
##stri,5
maa,5
##ffs,5
contacts,5
collapse,5
bow,5
##firmation,5
flying,5
##eering,5
nationality,5
stepped,5
resident,5
##uc,5
vulnerable,5
##stan,5
##iki,5
taj,5
##zs,5
stopped,5
##urat,5
##tati,5
died,5
##ked,5
significantly,5
conta,5
suspended,5
ends,5
sola,5
##front,5
experiences,5
90,5
##cos,5
##ystem,5
art,5
sens,5
argue,5
older,5
75,5
meets,5
##stro,5
##rodu,5
divided,5
##vin,5
conventions,5
expand,5
boundaries,5
##tated,5
##fish,5
released,5
consumption,5
##xin,5
mise,5
fallen,5
showed,5
33,5
ended,5
nato,5
##mpt,5
store,5
ear,5
train,5
outra,5
##wr,5
hierarchy,5
##iba,5
composition,5
liber,5
assault,5
loyal,5
invited,5
##dati,5
##gle,5
##unit,5
adding,5
utilise,5
fifty,5
##tors,5
investigate,5
tab,5
##ult,5
referendum,5
election,5
mor,5
radio,5
sjö,5
##stedt,5
##òl,5
##uted,5
##bble,5
dominated,5
800,5
##am,5
split,5
##ctica,5
##iff,5
##pra,5
classic,5
creative,5
##ference,5
lar,5
indicate,5
##oca,5
##plication,5
08,5
preservation,5
elles,5
mu,5
micro,5
42,5
odd,5
##date,5
##vested,5
##plies,5
##umi,5
attacking,5
sant,5
##rac,5
killed,5
humanity,5
posted,5
prohibited,5
##mire,5
##rd,5
falling,5
catch,5
##nche,5
gama,5
blocks,5
except,5
##mission,5
win,5
##nale,5
##cot,5
bottom,5
##bbi,5
intra,5
##gid,5
visa,5
bold,5
os,5
##und,5
##ered,5
embargo,5
kar,5
opera,5
##stica,5
ton,5
##cts,5
##nz,5
##bala,5
##works,5
appeared,5
correspond,5
newspaper,5
disco,5
##using,5
successive,5
denominato,5
##ón,5
brak,5
##andi,5
constituency,5
dark,5
tend,5
applications,5
lod,5
containing,5
automatically,5
##use,5
school,5
##men,5
papers,5
##ase,5
director,5
permitted,5
##ndum,5
pull,5
passion,5
pursued,5
conferences,5
performance,5
##aki,5
##zid,5
ideal,5
theory,5
##une,5
reliable,5
##cating,5
##regar,5
88,5
##ulation,5
quantitat,5
##fici,5
##fra,5
bare,5
measured,5
dramatic,5
##rse,5
cuts,5
damaged,5
ag,5
##pliance,5
funded,5
shop,5
##hea,5
##dici,5
modest,5
tid,5
heavily,5
focusing,5
farm,5
##rid,5
##lut,5
maintaining,5
acquisition,5
##ice,5
corporations,5
deployed,5
##un,5
##pris,5
##ons,5
respected,5
friend,5
deeply,5
##aging,5
bid,5
##ator,5
ranging,5
95,5
reactions,5
19,5
tradition,5
frequent,5
##vai,5
love,5
ap,5
vertical,5
speciali,5
##haus,5
sq,5
##yard,5
stretch,5
users,5
##course,5
evo,5
mini,5
##itant,5
##nk,5
##oint,5
gross,5
##care,5
studied,5
gathering,5
random,5
attract,5
onto,5
##im,5
functional,5
frequently,5
1990,5
##sp,5
enabled,5
##rn,5
##lea,5
math,5
gene,5
##va,5
criticised,5
drafted,5
lasted,5
route,5
cast,5
completion,5
arena,5
dre,5
##agg,5
quoted,5
##eci,5
##vi,5
##arch,5
execution,5
##mun,5
diversi,5
##stu,5
annually,5
86,5
##tro,5
##rust,5
##marked,5
semi,5
##mis,5
fifteen,5
voiced,5
fill,5
scheduled,5
faster,5
##reshold,5
deaths,5
plants,5
pet,5
##ological,5
compare,5
##corre,5
##cend,5
##jou,5
##aw,5
watch,5
corner,5
hi,5
dedicat,5
bomb,5
controversial,5
##ign,5
##cks,5
##quita,4
occasionally,4
par,4
##ear,4
posts,4
sales,4
ownership,4
abolished,4
receives,4
conservation,4
rum,4
attend,4
##ordinator,4
armed,4
decreased,4
##gating,4
instances,4
ultimate,4
##nomy,4
##culture,4
western,4
##sig,4
wis,4
##ely,4
##gna,4
anno,4
##ikan,4
abandon,4
##ulations,4
provisional,4
dependent,4
horse,4
incumbent,4
restoration,4
##mb,4
species,4
gras,4
rende,4
gauge,4
announcement,4
equipment,4
flow,4
##rela,4
ep,4
fede,4
##arian,4
gradual,4
##pass,4
occupied,4
dollar,4
removing,4
60,4
##vab,4
##cil,4
black,4
fossil,4
drinking,4
crew,4
##lih,4
representing,4
##aff,4
virtually,4
wake,4
houses,4
reputation,4
trail,4
dun,4
##erate,4
##rious,4
river,4
##ol,4
advanced,4
##ona,4
##witz,4
blu,4
bill,4
##hal,4
resistance,4
responses,4
##spects,4
game,4
##time,4
004,4
chose,4
##eva,4
##mna,4
##ito,4
##tino,4
mora,4
1991,4
##eti,4
variety,4
als,4
##om,4
##wit,4
assumed,4
settlement,4
twice,4
##mbi,4
proven,4
officially,4
##quest,4
worker,4
false,4
##cover,4
artificial,4
hurricane,4
facility,4
custom,4
##au,4
team,4
tige,4
birth,4
centuries,4
availability,4
##voi,4
##put,4
similarly,4
leo,4
##guo,4
zero,4
hee,4
mos,4
##fat,4
regarded,4
mun,4
joined,4
belief,4
faces,4
##ront,4
ordinary,4
##ich,4
##gs,4
cam,4
equipped,4
98,4
##bur,4
institute,4
backed,4
##lato,4
computer,4
recorded,4
equation,4
zon,4
superficial,4
supplies,4
##nding,4
##habilitation,4
closing,4
books,4
210,4
doctors,4
006,4
peninsula,4
additions,4
initiated,4
ga,4
pol,4
closure,4
39,4
doctrine,4
shortly,4
##sor,4
overseas,4
debt,4
covers,4
stories,4
bed,4
begins,4
drag,4
xx,4
equivalent,4
earth,4
acquired,4
##lli,4
walls,4
##fini,4
battle,4
##tröm,4
##ets,4
educational,4
##visor,4
worldwide,4
##ada,4
taught,4
##yan,4
page,4
wealthy,4
holiday,4
##cia,4
marine,4
marks,4
permis,4
pick,4
cycle,4
boats,4
spring,4
##pop,4
nic,4
grass,4
laps,4
32,4
##man,4
##sce,4
##bar,4
##gott,4
reported,4
tourist,4
##rren,4
regulated,4
engage,4
##hau,4
##fies,4
strike,4
adaptation,4
torre,4
restored,4
##pher,4
names,4
horror,4
##redible,4
##osti,4
historical,4
placing,4
miss,4
tree,4
riche,4
##irs,4
##cer,4
remembered,4
picture,4
ff,4
struggle,4
schedule,4
trace,4
moments,4
prema,4
constituent,4
##hab,4
mayor,4
symptoms,4
##fall,4
perceived,4
problema,4
##cha,4
expert,4
chances,4
sine,4
cabinet,4
separated,4
pieces,4
ver,4
##pr,4
learned,4
##worthy,4
eng,4
relationships,4
##bian,4
roman,4
belongs,4
compiled,4
adapted,4
##nated,4
##app,4
multiple,4
##bia,4
##ffice,4
##mea,4
hu,4
arrive,4
km,4
##que,4
earned,4
##ents,4
mars,4
##nst,4
##aday,4
##communications,4
story,4
wheel,4
slowly,4
44,4
compound,4
valle,4
##oc,4
##imation,4
records,4
##ban,4
producers,4
usual,4
##od,4
##rre,4
dropped,4
##rb,4
distinguished,4
participating,4
slightly,4
##position,4
ama,4
##bea,4
##ci,4
tim,4
##gan,4
endorsed,4
modified,4
race,4
##arda,4
generali,4
cum,4
##rary,4
##pel,4
teu,4
ly,4
##pir,4
victory,4
spin,4
##nne,4
kor,4
cent,4
decrease,4
##sumi,4
veste,4
broke,4
ee,4
##vid,4
kn,4
##erre,4
style,4
filled,4
##pice,4
aus,4
##roat,4
roll,4
electricity,4
##due,4
##vano,4
##mns,4
yield,4
pati,4
##work,4
##hio,4
##vent,4
##car,4
resta,4
attacks,4
streams,4
##pan,4
##med,4
directed,4
sel,4
##pia,4
##posed,4
kings,4
father,4
audio,4
attempting,4
hem,4
accused,4
##eren,4
##loc,4
##cate,4
##ghing,4
##read,4
silence,4
##ishing,4
##lyi,4
explosion,4
exposed,4
govern,4
returned,4
lank,4
immigrant,4
concentrated,4
explains,4
fram,4
##inat,4
materiali,4
##ours,4
##ean,4
protagonist,4
normally,4
branch,4
enjoyed,4
disputes,4
2005,4
##fram,4
anal,4
sap,4
gradually,4
intellectual,4
cultures,4
##fera,4
##ade,4
experimental,4
##pping,4
##cisi,4
##rospective,4
chain,4
pla,4
##ni,4
consistently,4
##xie,4
larger,4
bond,4
pressi,4
##rie,4
famous,4
ni,4
##ruit,4
unity,4
solem,4
##evan,4
premi,4
bus,4
##ient,4
##cede,4
manufacture,4
##lam,4
mountain,4
mode,4
holder,4
fleet,4
##ctural,4
##ulo,4
037,4
033,4
trick,4
##cide,4
destroy,4
notion,4
increases,4
scene,4
identical,4
##pired,4
delo,4
##cque,4
##hibition,4
255,4
##out,4
rare,4
##quen,4
modification,4
secured,4
tests,4
demanded,4
lag,4
leads,4
mix,4
qualitat,4
##ghe,4
communautaire,4
accurate,4
progressive,4
eligibility,4
generation,4
##ger,4
continental,4
contact,4
pt,4
partially,4
##titude,4
responded,4
municipalities,4
continu,4
replacing,4
lor,4
shopping,4
arrested,4
##sive,4
vessel,4
admis,4
eliminated,4
sharing,4
child,4
900,4
simplified,3
bos,3
ang,3
atomic,3
obtaining,3
classified,3
##hael,3
167,3
radiation,3
proclaimed,3
imported,3
##cem,3
contributo,3
grade,3
##mik,3
##turing,3
parameters,3
seis,3
challenged,3
##tone,3
##viet,3
##beni,3
016,3
te,3
2010,3
kale,3
##idos,3
##oli,3
substitute,3
##ye,3
##cope,3
ak,3
##ku,3
##yu,3
portion,3
prova,3
##ums,3
aria,3
miles,3
##illa,3
##cti,3
##town,3
##ncial,3
##tum,3
##anen,3
009,3
reside,3
believed,3
##id,3
chief,3
##organisation,3
##bett,3
egy,3
nomina,3
murders,3
circle,3
##bour,3
##ction,3
##bel,3
seats,3
jord,3
comprise,3
##lendi,3
##rion,3
intent,3
interview,3
##rite,3
spiritual,3
##ites,3
seg,3
##uca,3
publishing,3
##sus,3
##ulator,3
installations,3
##word,3
##veri,3
##gap,3
##meter,3
riches,3
lived,3
watching,3
emerged,3
##ention,3
##group,3
frame,3
signing,3
##makers,3
scales,3
medical,3
##icap,3
tour,3
se,3
##dri,3
intelligent,3
reserve,3
motorcycle,3
campaigns,3
nominee,3
fruits,3
separation,3
gets,3
atmosphere,3
travelling,3
fur,3
observe,3
##tly,3
guided,3
breeding,3
cha,3
farms,3
##itation,3
colour,3
##öld,3
##wes,3
##ceded,3
##stone,3
##chi,3
eye,3
foundations,3
##rins,3
pr,3
fell,3
2004,3
delivery,3
selected,3
##º,3
kg,3
fault,3
thin,3
desert,3
flat,3
##beli,3
##icy,3
##sr,3
pada,3
vien,3
##fin,3
participants,3
va,3
##cuum,3
mes,3
became,3
isolated,3
##kind,3
closest,3
sic,3
dedicated,3
density,3
suspension,3
defending,3
troops,3
##ncies,3
temperatures,3
escape,3
reflects,3
dio,3
##gue,3
##pret,3
##lle,3
##mium,3
chip,3
##mar,3
competitors,3
discover,3
distances,3
feeding,3
pounds,3
##mira,3
##gger,3
47,3
visual,3
quantity,3
##he,3
attending,3
units,3
##chu,3
##passes,3
teeth,3
reserved,3
##lz,3
##yce,3
##cine,3
##rest,3
##cally,3
##ars,3
##wie,3
winning,3
ty,3
tro,3
pot,3
tail,3
##guer,3
vocation,3
challenging,3
##ba,3
twin,3
sen,3
believing,3
rating,3
##sens,3
##nalis,3
##list,3
expansion,3
##volve,3
eleven,3
##urm,3
##cari,3
##ript,3
evolution,3
##inent,3
##ugen,3
##tted,3
topics,3
street,3
domestic,3
à,3
impressed,3
##wil,3
##hagen,3
trends,3
tactics,3
landscape,3
##orat,3
enemy,3
##lement,3
charged,3
##logical,3
##gate,3
players,3
suite,3
messages,3
attractive,3
##lity,3
servant,3
##til,3
##aut,3
summary,3
##rati,3
##fus,3
elect,3
displayed,3
mine,3
020,3
complexity,3
generated,3
unsuccessful,3
##scu,3
##mes,3
1989,3
flows,3
relieve,3
##well,3
selling,3
controlled,3
mechanism,3
doc,3
tin,3
##stent,3
##ital,3
unusual,3
##ks,3
illustration,3
conform,3
estimates,3
##venes,3
autumn,3
##hav,3
##cri,3
stages,3
accuracy,3
box,3
modu,3
ba,3
##rgie,3
tunnels,3
returning,3
signals,3
##ace,3
##aming,3
assigned,3
##hical,3
##ild,3
##graphic,3
oriented,3
province,3
1244,3
losing,3
##erted,3
search,3
21st,3
##versi,3
instrumental,3
##dge,3
##aring,3
##inte,3
##up,3
conversion,3
92,3
sport,3
corporate,3
sentence,3
sal,3
##head,3
cens,3
provider,3
ze,3
0,3
##alo,3
##itted,3
dog,3
belonging,3
romano,3
replace,3
##ender,3
##tail,3
secretari,3
excluding,3
##bining,3
mother,3
crash,3
##ched,3
##ote,3
sell,3
mari,3
cash,3
dimensions,3
pad,3
##nas,3
expanding,3
retained,3
consciousness,3
##preti,3
papa,3
##nak,3
instructions,3
##udia,3
alia,3
##ates,3
36,3
evil,3
outcomes,3
##diti,3
##nate,3
##imate,3
consultant,3
knowing,3
##nist,3
develops,3
ho,3
trip,3
##sne,3
##eles,3
##bari,3
##gri,3
twentieth,3
av,3
##ations,3
superiori,3
buildings,3
##plied,3
consist,3
##icu,3
liaison,3
az,3
hab,3
saint,3
##urt,3
##ndi,3
ara,3
pushed,3
##cili,3
##rge,3
##sats,3
##tol,3
separately,3
##25,3
##aries,3
exile,3
transformation,3
patients,3
##through,3
crystal,3
##pens,3
mainland,3
tools,3
##lated,3
##logie,3
##rily,3
##ff,3
conscience,3
commence,3
##emma,3
suggesting,3
defended,3
expensive,3
alien,3
##ig,3
absent,3
crossing,3
subsidiary,3
gute,3
routine,3
trait,3
2003,3
unknown,3
##lied,3
v,3
music,3
035,3
##ego,3
decides,3
dro,3
pursuit,3
translated,3
trouble,3
char,3
alternatives,3
rough,3
primary,3
themes,3
##ngue,3
##operative,3
##dicate,3
wol,3
victim,3
sociali,3
municipal,3
provinces,3
##fied,3
##ression,3
reporting,3
coup,3
hoc,3
specified,3
##feri,3
sexual,3
41,3
dozen,3
stali,3
##nch,3
70,3
##dits,3
##cked,3
##nato,3
##eca,3
##ribution,3
renewed,3
##ifica,3
tar,3
##xon,3
investors,3
##cture,3
##vings,3
##law,3
inspired,3
##mil,3
investigated,3
vet,3
##iga,3
##reti,3
x,3
##ured,3
##holm,3
valde,3
phenomenon,3
soa,3
dream,3
finishing,3
harbour,3
##kers,3
##ches,3
compared,3
##uing,3
suspect,3
##iled,3
##fest,3
##atan,3
politician,3
identification,3
##ze,3
##illing,3
##off,3
wave,3
##tract,3
remained,3
##spect,3
##lane,3
ae,3
##yst,3
pan,3
bind,3
##ected,3
storage,3
speaks,3
saw,3
suspected,3
##got,3
equip,3
earliest,3
sud,3
distinct,3
estimate,3
##keeper,3
governed,3
beach,3
##lic,3
concession,3
##gant,3
critics,3
##qua,3
##toni,3
carries,3
files,3
##bric,3
##gina,3
##ther,3
##haven,3
craft,3
##rries,3
deemed,3
##cap,3
97,3
##el,3
comparable,3
specialist,3
counties,3
##and,3
flies,3
crop,3
sailing,3
theoretical,3
seemed,3
lord,3
##polis,3
die,3
##lash,3
approached,3
##mises,3
##hand,3
##building,3
night,3
##tical,3
tells,3
aggressive,3
##gou,3
bigger,3
##rog,3
##took,3
newly,3
##cations,3
wildlife,3
finds,3
alla,3
##unda,3
orchestra,3
##mines,3
customs,3
##rude,3
rin,3
ups,3
pari,3
este,3
##ü,3
##bing,3
guilty,3
privat,3
composed,3
prize,3
wi,3
##ssing,3
##itative,3
mam,3
empty,3
nationally,3
bil,3
##ire,3
sac,3
explore,3
##efficient,3
certification,3
##ag,3
defines,3
##fer,3
dispute,3
handled,3
import,3
plu,3
##oga,3
saved,3
informal,3
testi,3
##erti,3
publication,3
##eo,3
web,3
deals,3
army,3
farmer,3
##iness,3
maintenance,3
calculation,3
space,3
##lib,3
034,3
##ump,3
##erland,3
##plan,3
accounting,3
##gative,3
vend,3
##mot,3
##eral,3
87,3
estimated,3
gases,3
display,3
heat,3
abstract,3
##era,3
distinction,3
##rush,3
simultaneously,3
##yon,3
revolution,3
##cula,3
mart,3
##ête,3
##la,3
champion,3
dui,3
offering,3
##berg,3
##felt,3
##all,3
finances,3
##zmann,3
executive,3
copy,3
##io,3
um,3
defender,3
discontinued,3
apa,3
##quiry,3
##born,3
incidents,3
hier,3
##eck,3
partial,3
grosse,3
upset,3
05,3
##tese,3
protected,3
beautiful,2
##osi,2
fan,2
loans,2
driven,2
pra,2
explored,2
##duce,2
##bid,2
killing,2
##asu,2
secular,2
extensively,2
focal,2
##colo,2
##fast,2
universities,2
##ijs,2
##ights,2
fatal,2
fortress,2
##cular,2
inspiration,2
distinctive,2
##pair,2
modi,2
reti,2
hidden,2
##oner,2
019,2
##tt,2
##bane,2
routes,2
questioned,2
sponsor,2
##rous,2
##zzle,2
disease,2
##weight,2
clients,2
##olition,2
sends,2
##tiga,2
praised,2
basin,2
##normal,2
##are,2
##cup,2
fought,2
casting,2
##biti,2
virus,2
arrangement,2
index,2
809,2
##ope,2
headed,2
##lax,2
018,2
consent,2
##cket,2
ki,2
##ntial,2
divisions,2
politici,2
shipping,2
lover,2
scores,2
habitats,2
##grade,2
missed,2
spaces,2
tongue,2
##rang,2
automatic,2
elimination,2
##ils,2
##neous,2
##onta,2
pump,2
cho,2
##öhm,2
##osing,2
##gas,2
stub,2
commissioned,2
soli,2
petrol,2
sit,2
pond,2
locations,2
##quilibrium,2
stroke,2
holl,2
##xico,2
##achment,2
visitors,2
bureaux,2
##uan,2
drink,2
##etto,2
##lean,2
masse,2
documentation,2
gh,2
officer,2
quali,2
severe,2
layers,2
reads,2
bi,2
wars,2
transmission,2
counts,2
##ée,2
ster,2
##ub,2
##mitted,2
secretary,2
##rgi,2
gallery,2
##pted,2
wine,2
glass,2
##some,2
patent,2
##zil,2
soft,2
dove,2
##mal,2
fluid,2
##ak,2
##rba,2
royal,2
bird,2
##ien,2
exemplar,2
season,2
##plex,2
##iz,2
##cor,2
haar,2
dia,2
##hot,2
##ewing,2
##sum,2
##cure,2
spiral,2
##ode,2
##du,2
##press,2
epi,2
rose,2
viewed,2
##ush,2
dir,2
mature,2
##ral,2
##iding,2
grey,2
pretty,2
##rack,2
na,2
##ssi,2
l,2
anniversary,2
##é,2
##ï,2
pub,2
pas,2
libraries,2
ef,2
flight,2
flowers,2
ghost,2
##don,2
gift,2
##ref,2
##nard,2
##erina,2
##view,2
map,2
##bone,2
##ances,2
pictures,2
draws,2
inspire,2
boa,2
philosophical,2
advertising,2
##jur,2
##real,2
shot,2
careers,2
male,2
destroying,2
crops,2
preserved,2
fort,2
##bers,2
acute,2
##ml,2
##ware,2
meg,2
perform,2
oa,2
123,2
##mé,2
ug,2
collected,2
##prese,2
##nted,2
ministry,2
female,2
contested,2
panels,2
boat,2
murder,2
##ock,2
##gy,2
##rants,2
mig,2
inside,2
##ome,2
##ivi,2
cel,2
##ats,2
##cted,2
##sy,2
q,2
impressive,2
peak,2
##cise,2
##tern,2
boy,2
inner,2
analyses,2
agents,2
sponsored,2
##cott,2
arrest,2
verbal,2
drivers,2
operates,2
##ldi,2
##eth,2
synonym,2
trial,2
sees,2
67,2
##lord,2
##ora,2
maxim,2
inhabited,2
sex,2
homo,2
verse,2
pool,2
##hips,2
militari,2
##zing,2
elaborate,2
##inar,2
##ium,2
##aid,2
metric,2
tons,2
seal,2
##rom,2
hole,2
2025,2
##ried,2
##ake,2
##fit,2
##üb,2
chains,2
civilian,2
##kwa,2
afterwards,2
loose,2
entity,2
refuses,2
surrender,2
terror,2
##visi,2
##roc,2
stone,2
73,2
renovation,2
harr,2
circles,2
k,2
##tre,2
smallest,2
bombing,2
##dication,2
##dington,2
tension,2
twelve,2
##rds,2
591,2
motiv,2
##rato,2
seconds,2
proves,2
##alan,2
##ement,2
col,2
##ude,2
1957,2
##pya,2
vel,2
illustrated,2
##zen,2
inferior,2
##og,2
historie,2
##nl,2
##nder,2
##aci,2
##give,2
##bu,2
proximity,2
arose,2
qualifications,2
tensions,2
chaos,2
##gene,2
43,2
tunnel,2
entreprises,2
observer,2
fat,2
thrown,2
eighteen,2
ya,2
##pende,2
counted,2
##citing,2
updated,2
ira,2
##atories,2
settled,2
oz,2
oli,2
arrival,2
studying,2
bought,2
worship,2
punishment,2
##open,2
visiting,2
monster,2
##war,2
onwards,2
##tate,2
##inti,2
##bro,2
existed,2
injured,2
##rante,2
quarter,2
dollars,2
länder,2
hän,2
calcul,2
varying,2
##hu,2
kr,2
shore,2
##ett,2
##ron,2
bai,2
factory,2
##nter,2
prisoners,2
releases,2
##rupted,2
réunion,2
jer,2
##mann,2
jungle,2
sentiments,2
##ingly,2
350,2
capture,2
250,2
conception,2
settlements,2
circulation,2
##nis,2
##ams,2
authors,2
quiet,2
##cated,2
##fis,2
##rmo,2
élite,2
lap,2
bala,2
colonial,2
##tism,2
angles,2
##omina,2
fly,2
weekend,2
370,2
painting,2
juvenil,2
##mony,2
abu,2
visas,2
wheels,2
combination,2
attributed,2
revealed,2
##ptur,2
seized,2
##edo,2
##ac,2
database,2
##chet,2
mild,2
por,2
actors,2
##amed,2
##ages,2
edge,2
snake,2
traded,2
officers,2
named,2
##eal,2
##nog,2
crown,2
##wel,2
feira,2
62,2
discovered,2
##raphy,2
1762,2
##otions,2
propone,2
##sity,2
penalty,2
runs,2
partisan,2
##ffers,2
##dity,2
terrorism,2
ski,2
##page,2
streets,2
##fan,2
##icis,2
##ustration,2
sala,2
latin,2
##ferred,2
ss,2
##ffen,2
forty,2
ring,2
killer,2
##gru,2
##used,2
##ctor,2
fer,2
##nando,2
nominal,2
lights,2
##ha,2
attended,2
##chy,2
1260,2
##lever,2
switch,2
##els,2
locally,2
249,2
##ot,2
##lor,2
halt,2
211,2
site,2
mail,2
##emble,2
emotional,2
148,2
woman,2
ev,2
##gens,2
reveals,2
93,2
##eme,2
engineer,2
##power,2
mentions,2
##mble,2
##lgar,2
produces,2
##petitor,2
fauna,2
flora,2
##bound,2
##rade,2
breton,2
architecture,2
##ny,2
##port,2
##missioni,2
licence,2
##pelle,2
##wood,2
##medi,2
salva,2
##roads,2
##hammer,2
##aile,2
passes,2
thirteen,2
##eli,2
##ell,2
typically,2
classes,2
299,2
requiring,2
gains,2
##kki,2
matches,2
##ouse,2
##tin,2
continuous,2
offensive,2
##chers,2
friendship,2
##ill,2
##oy,2
opposing,2
ata,2
##tür,2
plural,2
##rou,2
tv,2
bomba,2
petition,2
024,2
brother,2
##ez,2
governo,2
gali,2
isa,2
##net,2
##bes,2
##pendium,2
##ga,2
vei,2
##unis,2
lion,2
##tila,2
torture,2
vary,2
thi,2
##dition,2
bet,2
##oken,2
##ppi,2
##rations,2
##dder,2
söder,2
dor,2
negli,2
madeira,2
journal,2
notes,2
bibliography,2
##ben,2
mixture,2
deficit,2
prop,2
guard,2
unlikely,2
ado,2
feelings,2
##gram,2
yu,2
##gos,2
##lav,2
wall,2
theme,2
calculated,2
##wim,2
pipe,2
1990s,2
##ploring,2
pois,2
##trat,2
advised,2
##quent,2
##outs,2
escaped,2
##ala,2
##rates,2
inclusive,2
utilisation,2
beauty,2
pirates,2
served,2
merchant,2
##aken,2
cand,2
##ival,2
pek,2
presse,2
##aise,2
makeup,2
survive,2
frequency,2
coma,2
##nka,2
banner,2
domina,2
##tano,2
nap,2
noble,2
park,2
strikes,2
##vised,2
##xan,2
##iated,2
##fine,2
schools,2
arrives,2
##riot,2
##odes,2
skill,2
winds,2
1982,2
refere,2
wit,2
weather,2
##type,2
##fected,2
stereo,2
mit,2
##hne,2
##kit,2
##cum,2
##ine,2
##aine,2
hospitals,2
leaf,2
hed,2
ras,2
joining,2
##tene,2
bombs,2
##dera,2
extensions,2
rings,2
##cious,2
claiming,2
##bla,2
##sson,2
sixteen,2
gal,2
error,2
underground,2
film,2
cycles,2
##dere,2
temperature,2
personality,2
lever,2
##har,2
coverage,2
insula,2
casa,2
seguro,2
##dou,2
purchase,2
verdi,2
penn,2
##rts,2
metres,2
##tis,2
laboratory,2
command,2
##ven,2
##geni,2
##pects,2
##sies,2
##city,2
colos,2
cubic,2
##ra,2
román,2
##itive,2
novel,2
##idu,2
connections,2
fungi,2
noto,2
##oo,2
commented,2
characteristic,2
montre,2
advances,2
genetic,2
ocean,2
##nymous,2
satellite,2
silent,2
##the,2
##ma,2
##rup,2
##ij,2
lift,2
nog,2
##ertion,2
##sal,2
hall,2
ample,2
hunting,2
telephone,2
600,2
##ibil,2
##odi,2
thousand,2
thereafter,2
accomplished,2
attracted,2
##cit,2
excellence,2
deck,2
##che,2
lesser,2
trees,2
##duct,2
##enburg,2
##tains,2
##anese,2
pages,2
##ensi,2
capabilities,2
1409,2
nl,2
##ication,2
##uri,2
##bi,2
##rar,2
150,2
performed,2
##imi,2
##cut,2
##fs,2
newspapers,2
probable,2
##oked,2
inn,2
associate,2
freight,2
accuse,2
110,2
tu,2
focuses,2
installation,2
56,2
assisted,2
maiden,2
esse,2
parking,2
##shire,2
##hood,2
murdered,2
physically,2
##abu,2
interface,2
71,2
##tives,2
ene,2
##rable,2
activa,2
coin,2
032,2
##ngs,2
mira,2
pauc,2
##dle,2
##ose,2
grandi,2
##quin,2
##ti,2
##not,2
awarded,2
camps,2
opponents,2
##ilis,2
##mpe,2
rising,2
operated,2
comprising,2
occupation,2
orientation,2
shorter,2
qualification,2
teacher,2
##liga,2
##des,2
ela,2
les,2
animals,2
rolle,2
capability,2
##¾,2
anchor,2
jos,2
tire,2
46,2
inaugural,2
##ied,2
pioneer,2
##nee,2
##yre,2
##bora,2
##ished,2
slov,2
##cea,2
hostile,2
customers,2
##rner,2
##heme,2
ve,2
faire,2
deem,2
marketing,2
hoped,2
ble,2
cyn,2
##wan,2
designa,2
##ures,2
tobacco,2
orde,2
##gust,2
##bles,2
adds,2
experiments,2
##rgo,2
errors,2
nai,2
distinguish,2
cleared,2
recurring,2
520,2
##rod,2
classe,2
##ren,2
##child,2
##placement,2
qui,2
communis,2
recommended,2
##itu,2
##rive,2
baby,2
##pte,2
##vet,2
##orie,2
intera,2
opens,2
##chant,2
garden,2
axis,2
140,2
theatre,2
##ilia,2
riding,2
##locke,2
phrase,2
chest,2
##ups,2
dry,2
ke,2
##uis,2
termina,2
77,2
##hs,2
statistical,2
##tand,2
##nten,2
cult,2
##tua,2
##water,2
leaves,2
ka,2
##missa,2
##vate,2
starts,2
languages,2
critically,2
airline,2
##mon,2
striking,2
efter,2
glas,2
##enis,2
##km,2
##ør,2
##bek,2
phases,2
satu,2
##øn,2
##ina,2
lan,2
uz,2
sank,2
##noy,2
##ega,2
retire,2
biggest,2
communal,2
league,2
indo,2
##yti,2
##nge,2
qualify,2
##geri,2
assim,2
##ilt,2
quest,2
##ila,2
civili,2
##nesia,2
star,2
##lene,2
##wave,2
syn,2
spots,2
residing,2
fest,2
##dran,2
optional,2
##down,2
disappeared,2
displays,2
##pest,1
115,1
deutsche,1
##anut,1
helps,1
tentative,1
ku,1
caps,1
bat,1
##lets,1
disputed,1
130,1
youngest,1
##cilla,1
violent,1
##uita,1
##ulance,1
biti,1
labor,1
modell,1
##bik,1
els,1
##ono,1
din,1
lots,1
literally,1
extant,1
baseball,1
##hr,1
##eady,1
comprises,1
seize,1
portuguesa,1
##want,1
hoa,1
##kop,1
##gth,1
computers,1
musicians,1
label,1
fled,1
cola,1
iu,1
sau,1
beer,1
##sides,1
invisible,1
##porta,1
candidates,1
slide,1
proposition,1
manages,1
367,1
143,1
skin,1
oni,1
doctor,1
nana,1
##usko,1
##ica,1
##ovat,1
sold,1
##limi,1
beliefs,1
##aven,1
##smen,1
horren,1
militia,1
##pulsion,1
thirty,1
##night,1
collecting,1
314,1
landing,1
arts,1
writers,1
domicile,1
commander,1
##hon,1
##len,1
##den,1
tritt,1
gardens,1
##dene,1
##öd,1
wearing,1
##igo,1
creat,1
tun,1
lakes,1
##burger,1
eating,1
##ients,1
flower,1
##bustion,1
ultima,1
illness,1
##ecta,1
concepts,1
##yw,1
prestigious,1
##liers,1
##ros,1
##nna,1
recovered,1
##ére,1
seconde,1
74,1
jet,1
governor,1
rud,1
##ery,1
gravi,1
##str,1
##penses,1
fibre,1
pride,1
embarked,1
talent,1
##bot,1
##mt,1
pola,1
audiences,1
textile,1
##avi,1
##lory,1
passant,1
dans,1
yards,1
##ie,1
prima,1
anglo,1
anger,1
tee,1
comparative,1
##mba,1
##menti,1
facto,1
£1,1
mythology,1
262,1
##riche,1
##cante,1
especial,1
##lue,1
kart,1
vo,1
##ivation,1
##ivat,1
##ella,1
##cens,1
prosa,1
pal,1
lady,1
##ité,1
toll,1
##oking,1
##onal,1
screening,1
##risten,1
sentenced,1
##cline,1
##vert,1
wound,1
##pla,1
bé,1
##bé,1
jan,1
##rmed,1
##cken,1
avec,1
##rdes,1
##lay,1
monumental,1
fie,1
##ained,1
##gging,1
##chem,1
eau,1
2012,1
##lition,1
##rce,1
films,1
visited,1
convert,1
##pili,1
##ular,1
##mits,1
coal,1
assembled,1
zi,1
canons,1
stood,1
##its,1
##saur,1
##mera,1
##gha,1
crosses,1
monthly,1
dit,1
##iment,1
cunha,1
quasi,1
farsi,1
##kara,1
410,1
##tons,1
precursor,1
cited,1
modifications,1
##oke,1
torn,1
##oom,1
canal,1
##oured,1
##orte,1
entities,1
##aper,1
attractions,1
altered,1
noting,1
fond,1
nominated,1
##tech,1
##och,1
bolo,1
sien,1
fresco,1
lore,1
##nze,1
##tti,1
bon,1
household,1
sexe,1
demographics,1
##esca,1
##dog,1
##passing,1
habitat,1
hori,1
##minence,1
operative,1
##log,1
curta,1
##tami,1
##hall,1
##zon,1
##oin,1
ukr,1
episodes,1
surface,1
courte,1
finger,1
##regation,1
##sak,1
departure,1
voter,1
polis,1
##ndan,1
tier,1
domain,1
menu,1
prac,1
##any,1
dell,1
##vous,1
younger,1
##rch,1
segments,1
patterns,1
opponent,1
legacy,1
confronti,1
ner,1
##sco,1
sett,1
##cchi,1
lifetime,1
##asy,1
##ey,1
romantic,1
##roman,1
descriptions,1
diagnosis,1
##enty,1
title,1
curso,1
##rip,1
##pling,1
golden,1
##tay,1
mains,1
##sale,1
milita,1
encountered,1
##mell,1
insisted,1
##ika,1
##ko,1
belt,1
mental,1
vector,1
destination,1
##uth,1
##wich,1
##fo,1
##lk,1
klima,1
##tivat,1
##bow,1
##ckle,1
déjà,1
##plant,1
intense,1
##slim,1
narrow,1
##nta,1
regi,1
vu,1
rain,1
marriage,1
nan,1
alias,1
pag,1
workshop,1
churches,1
walks,1
1257,1
discovery,1
custody,1
##tures,1
pou,1
##esh,1
arra,1
##abo,1
##oline,1
haut,1
##rci,1
contacte,1
ghi,1
##lard,1
##zed,1
##bridge,1
##uden,1
cores,1
##sou,1
##vela,1
surfaces,1
scattered,1
eighth,1
##shing,1
durable,1
512,1
382,1
##was,1
##cat,1
parent,1
broken,1
anna,1
##manto,1
handle,1
##duc,1
##ld,1
administered,1
##she,1
sale,1
defeat,1
##gers,1
diverse,1
rossa,1
kuwa,1
##celle,1
##bah,1
dot,1
##cella,1
filter,1
censo,1
arriving,1
expelled,1
hou,1
offshore,1
137,1
suburban,1
sis,1
##bus,1
##ering,1
##unce,1
##fen,1
elementary,1
rock,1
##phus,1
matrix,1
eat,1
prominent,1
unveiled,1
##quila,1
triangle,1
update,1
159,1
##stand,1
##mali,1
populated,1
##wall,1
##von,1
##loaded,1
domini,1
sou,1
faction,1
##uation,1
##sium,1
diffuse,1
##ggere,1
bright,1
##stituted,1
##ntation,1
775,1
corn,1
##mpo,1
##cro,1
##32,1
##wde,1
awards,1
##wder,1
##pul,1
alive,1
valley,1
##oa,1
arc,1
bordered,1
creator,1
##ais,1
hain,1
sits,1
providers,1
##lla,1
sur,1
##anza,1
pseudo,1
merged,1
mask,1
##named,1
##ires,1
##note,1
##forcer,1
reveal,1
##tini,1
##bre,1
##tling,1
gula,1
moll,1
arch,1
##bis,1
##loss,1
accredited,1
mil,1
##lates,1
nazionale,1
##raft,1
stations,1
diseases,1
##pening,1
##gar,1
entrance,1
mixing,1
ticket,1
electo,1
##lod,1
##rama,1
##rig,1
##mentali,1
##hop,1
##ini,1
##rness,1
esprit,1
##rance,1
captain,1
battles,1
##fet,1
##tere,1
predator,1
fines,1
milli,1
3000,1
##link,1
originali,1
celebrated,1
il,1
wilde,1
##metre,1
##justed,1
ordered,1
##demi,1
2000s,1
enemies,1
##itti,1
masculine,1
persona,1
deb,1
##acon,1
walking,1
planet,1
supporter,1
##uni,1
##dant,1
diffusion,1
##anc,1
##corn,1
walk,1
##hard,1
county,1
luxury,1
students,1
kick,1
##cet,1
hiri,1
peer,1
misi,1
##ames,1
ride,1
discours,1
##hia,1
##ene,1
monument,1
1930s,1
##pard,1
caught,1
pé,1
##blem,1
colours,1
strings,1
##steria,1
##ek,1
feat,1
nest,1
##low,1
##phi,1
decorated,1
vand,1
agus,1
##nç,1
##ois,1
mitte,1
##rran,1
##lp,1
##rits,1
##das,1
##esta,1
##rda,1
cancer,1
fou,1
##awa,1
##kene,1
##placed,1
##bilan,1
bloc,1
crowd,1
##lus,1
dies,1
furniture,1
##rooms,1
cell,1
lille,1
turns,1
##urre,1
swing,1
1945,1
##ack,1
gifte,1
premises,1
##inou,1
##ortion,1
##jan,1
##ham,1
##mati,1
dei,1
##ata,1
##ander,1
##itas,1
##vier,1
##geo,1
italiano,1
sociale,1
##armaceutical,1
editorial,1
traditionally,1
##gile,1
##rish,1
##usa,1
tyre,1
##arma,1
strid,1
##ceu,1
##tiques,1
scientifiques,1
assassinat,1
translations,1
005,1
yellow,1
fastest,1
961,1
metall,1
trials,1
invented,1
hen,1
ford,1
nineteenth,1
##mper,1
##clamation,1
##cology,1
##ssem,1
amateur,1
##chan,1
lett,1
##friend,1
##eyer,1
571,1
##eron,1
movimento,1
##lock,1
##stre,1
##tch,1
##ride,1
row,1
foi,1
declarat,1
##test,1
##ang,1
negativ,1
defeated,1
mounted,1
sini,1
##rul,1
blok,1
arti,1
409,1
versions,1
girls,1
researchers,1
disciplines,1
##bli,1
competing,1
##rms,1
##listi,1
qual,1
79,1
##gma,1
##xa,1
##valent,1
##xic,1
usage,1
automobile,1
tr,1
##unk,1
bane,1
##ogen,1
gang,1
##lose,1
equity,1
concert,1
array,1
##teg,1
techniques,1
designation,1
##tage,1
##pers,1
bug,1
stark,1
##èche,1
climb,1
stati,1
##market,1
variants,1
155,1
875,1
604,1
remainder,1
##nation,1
consisting,1
217,1
dens,1
##aro,1
incorporates,1
##eru,1
##nner,1
axe,1
manche,1
##mpi,1
reproduction,1
##ching,1
expose,1
##ards,1
natura,1
mei,1
##jer,1
##ilities,1
##nova,1
peculiar,1
permanently,1
##eget,1
reliant,1
##zz,1
sierra,1
##vada,1
##ione,1
##pha,1
##oci,1
behov,1
##stern,1
##erat,1
##roni,1
optimal,1
##torie,1
separat,1
geographic,1
##cars,1
municipality,1
transform,1
##enomena,1
##tif,1
participat,1
online,1
##gist,1
##ditions,1
##bri,1
##rag,1
describing,1
##done,1
##play,1
##uable,1
unsuccessfully,1
##cited,1
vain,1
hero,1
##sso,1
teen,1
copie,1
ammunition,1
successor,1
##hro,1
##ony,1
##lite,1
##ager,1
tracks,1
##face,1
##asca,1
ora,1
brown,1
##gation,1
##bb,1
##mi,1
##dag,1
enlisted,1
##tal,1
##éry,1
inauguration,1
##frontation,1
##erit,1
avenue,1
##rent,1
aftermath,1
tant,1
collaborated,1
##rique,1
##plaints,1
tributary,1
##rno,1
##byl,1
rear,1
postal,1
##otic,1
##ú,1
sounds,1
50th,1
claimed,1
mali,1
bias,1
broadcast,1
##ñez,1
n,1
##amo,1
ell,1
##unt,1
65,1
mur,1
cont,1
##ingen,1
parcours,1
brez,1
##rdo,1
##do,1
##zers,1
bor,1
##rà,1
##dice,1
rica,1
revival,1
##ènement,1
##ris,1
belonged,1
##mised,1
##vig,1
mir,1
##hoek,1
middel,1
0001,1
ancient,1
rad,1
##ffin,1
navi,1
drift,1
##tide,1
##ow,1
##ank,1
evolved,1
ros,1
lav,1
##taker,1
erst,1
customer,1
square,1
io,1
##gel,1
##esie,1
##han,1
influential,1
struggled,1
##üt,1
cite,1
##wies,1
##unta,1
alcohol,1
##beth,1
##sa,1
##echa,1
coat,1
hang,1
stones,1
##houses,1
costi,1
##vette,1
hag,1
nomination,1
##sque,1
noire,1
##bih,1
resigned,1
folklore,1
align,1
periods,1
trauma,1
interchange,1
posse,1
fed,1
##pene,1
momentum,1
##pat,1
banned,1
##ebb,1
valve,1
##vestor,1
grew,1
robe,1
tren,1
ol,1
regionali,1
rendered,1
exposure,1
succession,1
##17,1
agent,1
##lab,1
195,1
entre,1
##13,1
##gres,1
premier,1
tested,1
##forcement,1
gay,1
capa,1
##citi,1
##ym,1
487,1
##eille,1
##brella,1
wil,1
##hor,1
##és,1
##ussa,1
award,1
54,1
540,1
031,1
071,1
argues,1
06,1
##19,1
buses,1
coaches,1
##roca,1
##grad,1
marker,1
rulers,1
weapon,1
unu,1
##parts,1
onu,1
##scientious,1
copyright,1
adult,1
sem,1
floating,1
519,1
522,1
loi,1
literacy,1
68,1
##pse,1
##omi,1
##ié,1
correspondence,1
abre,1
salt,1
folket,1
##bili,1
muss,1
characteristics,1
##burg,1
hyd,1
sorte,1
##belli,1
probability,1
coro,1
principali,1
snow,1
arm,1
loc,1
arranged,1
##loni,1
##ssa,1
##figur,1
##oon,1
##ligi,1
colleges,1
educated,1
linear,1
##lls,1
rarely,1
##dul,1
bang,1
##ös,1
directors,1
##ja,1
##sting,1
commerce,1
##pil,1
aki,1
##kas,1
lectures,1
##regat,1
##birds,1
ken,1
##art,1
344,1
##ball,1
climat,1
pu,1
##vr,1
##ière,1
##ya,1
lib,1
corporation,1
##iest,1
heb,1
##cedo,1
que,1
das,1
mann,1
warfare,1
##sim,1
pes,1
##sons,1
##fone,1
voda,1
magnitude,1
demi,1
primitive,1
860,1
##gression,1
website,1
brun,1
slo,1
tag,1
##fty,1
eie,1
ninth,1
##cant,1
##ckets,1
rescue,1
##tens,1
##nish,1
noir,1
##ief,1
##mou,1
affiliated,1
neutral,1
##tier,1
##mill,1
##part,1
##lder,1
medal,1
##ptis,1
##iel,1
mich,1
##cak,1
dissolved,1
collapsed,1
reservoir,1
thick,1
tracking,1
##gator,1
chart,1
##cm,1
brass,1
lt,1
##parti,1
##yal,1
##eum,1
##eat,1
min,1
##eze,1
controlling,1
##ero,1
independently,1
breaks,1
medieval,1
commissions,1
##iant,1
##tland,1
qualifying,1
seas,1
##filiation,1
##metric,1
##ht,1
##més,1
##fallen,1
##stina,1
hun,1
##source,1
##vian,1
##dina,1
##can,1
rotation,1
##lisi,1
##odu,1
##eration,1
##trus,1
##ente,1
beat,1
passage,1
##upi,1
##hy,1
##sole,1
##ume,1
marking,1
##vera,1
##giene,1
landed,1
appearance,1
compounds,1
frac,1
reviews,1
##cida,1
180,1
thrash,1
plane,1
elu,1
##arse,1
##ere,1
##radi,1
##mina,1
##imet,1
##ricio,1
##hja,1
mat,1
##pent,1
releasing,1
2007,1
##lve,1
compilation,1
##smu,1
surveillance,1
travelled,1
varies,1
##án,1
##mala,1
ces,1
attendance,1
##mari,1
passenger,1
1976,1
101,1
##var,1
interval,1
sir,1
sessions,1
majeure,1
##gur,1
##ller,1
fun,1
cure,1
venti,1
##pur,1
##pose,1
neu,1
##werk,1
##nou,1
##rock,1
tower,1
diet,1
##trition,1
relativ,1
##nymi,1
deployment,1
##sume,1
directing,1
##yn,1
drama,1
##quio,1
ana,1
mechanical,1
hectares,1
##én,1
##vist,1
blue,1
relief,1
font,1
##aux,1
borde,1
pau,1
log,1
##falls,1
##nue,1
##union,1
constitue,1
##erse,1
repairs,1
mixed,1
##lves,1
##lley,1
##vani,1
abroad,1
crossed,1
##ully,1
##riet,1
##hof,1
##ination,1
mach,1
influenced,1
##yl,1
##rug,1
roof,1
##ov,1
120,1
##met,1
vene,1
##zu,1
##ela,1
palace,1
vers,1
##ailles,1
southwest,1
##tat,1
##ovo,1
performances,1
handling,1
##dole,1
##urn,1
coli,1
fant,1
##astic,1
homes,1
aide,1
##mer,1
acres,1
rainfall,1
shield,1
drove,1
troubles,1
larvae,1
beetle,1
##pea,1
##rence,1
##yt,1
##osan,1
##itar,1
##nar,1
clock,1
jim,1
##91,1
##cript,1
bridges,1
##zak,1
sun,1
juniors,1
##hill,1
aggregate,1
##ography,1
roughly,1
##uction,1
owns,1
villa,1
##ologie,1
typ,1
1969,1
##cc,1
edu,1
resulta,1
170,1
89,1
catalogue,1
autobiography,1
##dd,1
##eni,1
ek,1
##eet,1
journalist,1
hil,1
lands,1
literary,1
##rk,1
registration,1
accede,1
cas,1
##pian,1
supera,1
##sement,1
##nnu,1
##conia,1
exit,1
##plained,1
loaded,1
##nha,1
syndrome,1
##bita,1
throwing,1
##mbu,1
##ees,1
instructor,1
ilk,1
honours,1
##hers,1
recording,1
##igue,1
shifted,1
##viation,1
##ptive,1
trumpet,1
##omy,1
prediction,1
##bul,1
ista,1
cotton,1
longs,1
yo,1
##jun,1
##ondo,1
sister,1
hired,1
founder,1
puerta,1
##bust,1
administrator,1
##kia,1
slova,1
brain,1
##hua,1
np,1
##grada,1
falt,1
nearby,1
idi,1
registered,1
prey,1
vicinity,1
celebra,1
relatives,1
siti,1
nights,1
##sect,1
##tional,1
##oral,1
##wind,1
memories,1
prompted,1
salute,1
ll,1
743,1
coupled,1
bela,1
##hale,1
pattern,1
mayores,1
imprisonment,1
occasional,1
blocked,1
##ponenti,1
assignment,1
##ologue,1
##yo,1
##china,1
##teen,1
mountains,1
4000,1
occasione,1
##änen,1
##bei,1
##sions,1
civilians,1
stationed,1
soldiers,1
##llet,1
missions,1
chocolate,1
airs,1
##pace,1
secrets,1
chapters,1
learns,1
locali,1
accommodation,1
##wer,1
conquered,1
##nca,1
##zar,1
##ech,1
cz,1
##natural,1
1938,1
##dier,1
##lain,1
menace,1
##ky,1
##rani,1
##gado,1
hypothesis,1
depending,1
nerve,1
##bry,1
##onic,1
planted,1
fois,1
franco,1
##lni,1
gol,1
thesis,1
##cito,1
##sola,1
cable,1
cables,1
##iano,1
##vale,1
##rmi,1
##vez,1
est,1
##enes,1
hung,1
patch,1
##raz,1
provincial,1
##atile,1
##mat,1
##itori,1
##ocent,1
##wis,1
##lt,1
53,1
76,1
1977,1
rape,1
##bas,1
##dna,1
##tian,1
##roux,1
respectively,1
maintains,1
##ige,1
diploma,1
##given,1
enters,1
##ocide,1
audience,1
till,1
continuously,1
lists,1
originated,1
##lum,1
jurist,1
##ghter,1
##eaux,1
mile,1
bli,1
##apo,1
sing,1
164,1
##fic,1
##tones,1
166,1
ego,1
##tica,1
##phis,1
proceeds,1
##nance,1
sand,1
varied,1
globe,1
##pred,1
coût,1
83,1
feedback,1
volumes,1
rota,1
aver,1
buried,1
##ré,1
salut,1
##cko,1
##dible,1
##egi,1
pierre,1
##chas,1
##uat,1
##my,1
suicide,1
verb,1
##cano,1
kun,1
quelque,1
dire,1
vous,1
veu,1
##sie,1
dör,1
##sl,1
##eis,1
moves,1
elite,1
##aching,1
teachers,1
nurse,1
disk,1
band,1
fortune,1
##rosa,1
##arre,1
biz,1
##alle,1
fora,1
masses,1
mathematical,1
##tio,1
genera,1
pani,1
##urities,1
eru,1
spectacle,1
##chang,1
##emlin,1
toy,1
##ason,1
enda,1
##nger,1
fragment,1
prison,1
##nea,1
jest,1
nun,1
hos,1
##uld,1
kills,1
##bies,1
hormone,1
spectrum,1
##thal,1
protests,1
##vice,1
##ser,1
dag,1
sheet,1
alleged,1
dr,1
##preme,1
##ilm,1
rio,1
##itan,1
##nating,1
signifie,1
##tut,1
##lie,1
17th,1
14th,1
sil,1
##ulin,1
##een,1
window,1
revenge,1
##aze,1
##hib,1
##arde,1
##aris,1
unten,1
##rim,1
##lg,1
venue,1
dose,1
##chis,1
maso,1
immune,1
interviewed,1
##eseen,1
tutela,1
##arti,1
##uf,1
secret,1
possession,1
##isms,1
extrapolation,1
105,1
platforms,1
rolling,1
##uses,1
teams,1
##vial,1
poli,1
rank,1
##sorte,1
##ctical,1
##zem,1
historians,1
shu,1
##ao,1
accusations,1
alpine,1
##plosive,1
settle,1
##ále,1
52,1
eman,1
tok,1
sacrifice,1
##ochia,1
##blished,1
##cco,1
##stique,1
##sort,1
spell,1
##sumed,1
##wne,1
##sky,1
sich,1
20th,1
graves,1
##versari,1
##ath,1
##polita,1
abundant,1
kon,1
##rad,1
##enau,1
renuncia,1
##lling,1
##case,1
##vari,1
##dras,1
vida,1
mortal,1
être,1
raison,1
##pu,1
##irt,1
##vini,1
##fortable,1
##ternal,1
##ran,1
smo,1
keeps,1
wear,1
##turi,1
tai,1
##oning,1
cool,1
football,1
##í,1
##ssed,1
##barra,1
populaire,1
ben,1
##tine,1
grâce,1
elevated,1
##ridor,1
lutte,1
##but,1
##tas,1
winter,1
##dite,1
student,1
dynamics,1
##mist,1
reception,1
##wels,1
##bbit,1
diplomat,1
academy,1
motto,1
pole,1
tres,1
##tri,1
##itt,1
modules,1
presiden,1
fertile,1
##icia,1
##jud,1
matrimoni,1
##nki,1
contemporary,1
##arat,1
voices,1
##ddle,1
quantum,1
##bed,1
##zur,1
dense,1
iso,1
##tom,1
rois,1
oma,1
adjacent,1
##bula,1
consta,1
ul,1
attacked,1
strain,1
proprie,1
decree,1
##j,1
##nici,1
transformed,1
##cher,1
##etti,1
##vade,1
endemic,1
daughters,1
sons,1
##rif,1
pont,1
##isit,1
slaves,1
##ressed,1
machinery,1
talents,1
##rde,1
surrounded,1
hair,1
nak,1
featuring,1
##pson,1
pulled,1
##stag,1
interpreta,1
##mps,1
##lb,1
constructed,1
ball,1
##liv,1
##q,1
##sser,1
settlers,1
##gest,1
##mosi,1
ani,1
ratings,1
collision,1
194,1
##fia,1
245,1
248,1
332,1
demolished,1
462,1
174,1
1948,1
1917,1
##four,1
user,1
executed,1
indicating,1
##isance,1
##ccupy,1
##scus,1
##ara,1
nose,1
patron,1
##erg,1
academic,1
##gari,1
##rab,1
kilo,1
paint,1
##dges,1
ant,1
admission,1
##ile,1
##jo,1
dates,1
##vali,1
hade,1
filed,1
dual,1
dancing,1
##franca,1
plantation,1
##mentar,1
##par,1
piti,1
dili,1
processi,1
ambassador,1
1923,1
##nach,1
##kee,1
echter,1
300,1
193,1
##leta,1
sheep,1
##mania,1
andre,1
guns,1
arma,1
##ught,1
medicine,1
ei,1
magic,1
citing,1
##ley,1
conduit,1
tau,1
ran,1
advocated,1
##etting,1
##duction,1
santa,1
##ception,1
##agh,1
gall,1
##ttage,1
assassination,1
psychological,1
journalists,1
133,1
138,1
outbreak,1
015,1
##ass,1
074,1
inventor,1
switched,1
bana,1
##llion,1
siècle,1
##rdy,1
symbols,1
##lux,1
sudden,1
##ared,1
resp,1
##itz,1
stolen,1
disorder,1
##ön,1
bas,1
banking,1
instruction,1
##iato,1
variations,1
payer,1
variables,1
platform,1
##oso,1
##zili,1
winner,1
jam,1
##ngin,1
bulk,1
##nect,1
provoca,1
boom,1
digital,1
##oti,1
levy,1
shooting,1
##rator,1
edi,1
##ruh,1
tribunal,1
portrayed,1
directions,1
momento,1
##tar,1
##bral,1
segment,1
226,1
##united,1
carri,1
##vasi,1
##oul,1
elev,1
##ible,1
##cales,1
##ades,1
##orn,1
boxing,1
si,1
fog,1
cricket,1
##asan,1
##ple,1
carte,1
##hun,1
trio,1
##jects,1
architect,1
##nburg,1
##tam,1
ion,1
##naire,1
##ension,1
685,1
57,1
freshwater,1
##beri,1
extinction,1
##bria,1
canta,1
intelligence,1
intermediate,1
biological,1
hell,1
reign,1
vivien,1
##ots,1
trained,1
5000,1
exploration,1
shut,1
rally,1
##xt,1
##öö,1
writer,1
##hm,1
loading,1
aviation,1
seeks,1
wife,1
situated,1
##rasi,1
